timestamp,phone_accel_x,phone_accel_y,phone_accel_z,phone_gyro_x,phone_gyro_y,phone_gyro_z,watch_accel_x,watch_accel_y,watch_accel_z,watch_gyro_x,watch_gyro_y,watch_gyro_z
1763596086.843404,-0.19634009902812538,-0.130612000772357,0.13325462423563003,-0.06224625185132027,0.026949359104037285,0.042811669409275055,,,,,,
1763596086.85217,,,,,,,0.00521010160446167,-0.005813658237457275,-0.019603237509727478,0.0005454160273075104,-0.1110985204577446,-0.04378253594040871
1763596086.853456,-0.23375446840412914,-0.1785088934570551,0.14868176433965563,-0.06034768000245094,0.014391490258276463,0.037751663476228714,,,,,,
1763596086.862201,,,,,,,-0.0008059144020080566,0.005395740270614624,-0.018978483974933624,-0.01816151849925518,-0.11957988888025284,-0.07103246450424194
1763596086.863509,-0.2230081795927137,-0.22038988685309885,0.12250658185854553,-0.06166175752878189,0.0010816575959324837,0.03830259293317795,,,,,,
1763596086.872232,,,,,,,-0.00913381576538086,0.005615592002868652,-0.011877298355102539,-0.025105444714426994,-0.12079349160194397,-0.07249027490615845
1763596086.873562,-0.22063516685105858,-0.19926292767226694,0.05103694427609443,-0.06069210171699524,0.006331014446914196,0.03639710322022438,,,,,,
1763596086.882262,,,,,,,-0.013292312622070312,-0.012491345405578613,-0.006612300872802734,-0.03566174954175949,-0.10742868483066559,-0.06621526926755905
1763596086.883615,-0.12457403578236699,-0.10687982752919196,0.02509966220408678,-0.06388403475284576,0.03264627605676651,0.034503206610679626,,,,,,
1763596086.892293,,,,,,,-0.013462424278259277,-0.009732365608215332,-0.0056003183126449585,-0.020023399963974953,-0.11578568071126938,-0.06171879172325134
1763596086.893668,-0.041496451057866215,-0.0864437732219696,0.08020560948476195,-0.08236104995012283,0.041062131524086,0.03977546840906143,,,,,,
1763596086.902323,,,,,,,-0.009224474430084229,-0.00019118189811706543,-0.008944615721702576,0.01185992918908596,-0.12827324867248535,-0.054557353258132935
1763596086.90372,-0.0018505963027477263,-0.14737141239345072,0.09084595370367168,-0.10189960896968842,0.033780910074710846,0.04358811676502228,,,,,,
1763596086.912354,,,,,,,-0.008379340171813965,-0.014863938093185425,-0.008926153182983398,0.04057013615965843,-0.11829784512519836,-0.03475435450673103
1763596086.913773,0.044876302754506464,-0.1551104822129011,-0.030709611040353774,-0.10264156758785248,0.042559489607810974,0.04286054149270058,,,,,,
1763596086.922385,,,,,,,-0.00932401418685913,-0.01679825782775879,-0.0051882266998291016,0.05646038055419922,-0.08998710662126541,-0.018022777512669563
1763596086.923826,0.06184928406104445,-0.11137421633899211,-0.12031360185891389,-0.08744129538536072,0.049110736697912216,0.040872953832149506,,,,,,
1763596086.932415,,,,,,,-0.007936656475067139,0.0001780986785888672,-0.0022420957684516907,0.0771973505616188,-0.07536342740058899,-0.008485464379191399
1763596086.933879,-0.017740312417224048,-0.05143266559541225,-0.06097586222738027,-0.07413401454687119,0.02565787546336651,0.04294542595744133,,,,,,
1763596086.942446,,,,,,,-0.00439983606338501,0.005068033933639526,0.001356951892375946,0.07673972100019455,-0.06848474591970444,-0.023571539670228958
1763596086.943932,-0.08523154788799583,0.03642389703392982,0.02433364626765251,-0.06493977457284927,-0.005818773992359638,0.04594523459672928,,,,,,
1763596086.952476,,,,,,,-0.00424271821975708,-0.015165627002716064,0.014817111194133759,0.04627662152051926,-0.048191726207733154,-0.02828347124159336
1763596086.953984,-0.11250870026163756,0.09663549689054489,-0.03834901987761259,-0.04765079915523529,-0.0178259015083313,0.04149669036269188,,,,,,
1763596086.962507,,,,,,,-0.005674004554748535,-0.02619636058807373,0.028666719794273376,0.008771156892180443,-0.023109544068574905,-0.032664570957422256
1763596086.964037,-0.12097908003032207,0.11095745223164558,-0.08085223682522773,-0.034394145011901855,-0.02439173310995102,0.0363282635807991,,,,,,
1763596086.972538,,,,,,,-0.0017365813255310059,-0.013880252838134766,0.027818910777568817,0.0018053925596177578,-0.026885906234383583,-0.029408058151602745
1763596086.97409,-0.17102416372485457,0.13818039020001888,-0.09438172661438583,-0.027069654315710068,-0.044094864279031754,0.026225294917821884,,,,,,
1763596086.982568,,,,,,,0.009622812271118164,-0.005292713642120361,0.019827842712402344,0.01305702980607748,-0.04047548398375511,-0.02107762172818184
1763596086.984143,-0.21534341711848973,0.2112216610133648,-0.1355024031624198,-0.02369280904531479,-0.05529426410794258,0.013595382682979107,,,,,,
1763596086.992599,,,,,,,0.01914113759994507,-0.009913504123687744,0.01471400260925293,0.026241008192300797,-0.05158432945609093,-0.00982763059437275
1763596086.994196,-0.14721088806949556,0.27843407954275606,-0.144468968950212,-0.021989984437823296,-0.04304958134889603,0.006437605246901512,,,,,,
1763596087.002629,,,,,,,0.022288262844085693,-0.008163988590240479,0.010391473770141602,0.026754125952720642,-0.06506258249282837,0.0012340079993009567
1763596087.004248,-0.06794833158850669,0.16575813295543193,-0.1370633688688278,-0.03239456191658974,-0.022826973348855972,0.011462671682238579,,,,,,
1763596087.01266,,,,,,,0.01965099573135376,-0.003226667642593384,0.005086787045001984,0.028766408562660217,-0.07943779975175858,0.008224273100495338
1763596087.014301,-0.038290202362462875,-0.01100245552957058,-0.14353636427521704,-0.043601144105196,-0.008526862598955631,0.025694871321320534,,,,,,
1763596087.02269,,,,,,,0.009855926036834717,-0.0018958449363708496,0.004203207790851593,0.009147794917225838,-0.08190974593162537,0.01047058217227459
1763596087.024354,-0.10962518071457743,-0.09405366370379924,-0.10853899291306733,-0.0484783798456192,-0.009464675560593605,0.03831753134727478,,,,,,
1763596087.032721,,,,,,,-0.0021215081214904785,-0.006103515625,0.009281046688556671,-0.016496051102876663,-0.0736190527677536,-0.00944027490913868
1763596087.034407,-0.13960128984861075,-0.06580079816579819,-0.08604308346658944,-0.048625651746988297,-0.010242318734526634,0.048226356506347656,,,,,,
1763596087.042752,,,,,,,-0.01434546709060669,-0.01766642928123474,0.017392396926879883,-0.03463956341147423,-0.07077400386333466,-0.019166072830557823
1763596087.04446,-0.10396452460438012,-0.08678162687420844,-0.08943623303622007,-0.03472746163606644,-0.004415933974087238,0.041498634964227676,,,,,,
1763596087.052782,,,,,,,-0.020709216594696045,-0.015731364488601685,0.024853944778442383,-0.04908694326877594,-0.05784888193011284,-0.024571489542722702
1763596087.054512,-0.15053111853338777,-0.13550561803281305,-0.07694850738495587,-0.018178846687078476,-0.020502492785453796,0.02678759954869747,,,,,,
1763596087.062813,,,,,,,-0.019484341144561768,0.0010240375995635986,0.02776838093996048,-0.03740984573960304,-0.05016219988465309,-0.03200410678982735
1763596087.064565,-0.2279511158876121,-0.10699439381957053,-0.07331278123110532,-0.00559771154075861,-0.05153009295463562,0.005848943255841732,,,,,,
1763596087.072843,,,,,,,-0.012865900993347168,0.0005960166454315186,0.02416122704744339,-0.023690836504101753,-0.04442388564348221,-0.025374433025717735
1763596087.074618,-0.24273111719451843,0.04373743491768837,-0.09003507571220397,0.005689563695341349,-0.06264159828424454,-0.013343925587832928,,,,,,
1763596087.082874,,,,,,,-0.006146371364593506,-0.006418466567993164,0.01897740364074707,-0.01808355376124382,-0.02723371423780918,-0.021351927891373634
1763596087.084671,-0.17116313380412757,0.15881342838406562,-0.07061375140547752,0.008766778744757175,-0.04739341884851456,-0.020415302366018295,,,,,,
1763596087.092905,,,,,,,0.0025039315223693848,-0.005028277635574341,0.01570272445678711,-0.0018310812301933765,-0.02897515520453453,-0.011993047781288624
1763596087.094723,-0.08246580950170755,0.15185294172167776,-0.0527811575949192,0.0009357535745948553,-0.012921730987727642,-0.015177663415670395,,,,,,
1763596087.102935,,,,,,,0.004848182201385498,-0.006201416254043579,0.01481473445892334,0.005030039697885513,-0.012127731926739216,-0.011728196404874325
1763596087.104776,-0.02966185555309057,0.04360825558006763,-0.07714870613217353,-0.006040045991539955,0.01907450705766678,0.002764573320746422,,,,,,
1763596087.112966,,,,,,,0.0015721917152404785,-0.002932906150817871,0.010717511177062988,0.029053082689642906,-0.0019075853051617742,-0.004862300585955381
1763596087.114829,-0.027009660543873906,0.012110709032416343,-0.0702571930527687,-0.012827644124627113,0.03509422019124031,0.025164421647787094,,,,,,
1763596087.122996,,,,,,,-0.0019404292106628418,-0.0025618374347686768,0.007994182407855988,0.05126039311289787,0.0010530509753152728,0.0026225801557302475
1763596087.124882,-0.06897073343880473,-0.019002222111821173,-0.05267097521871328,-0.0034112567082047462,0.04398444667458534,0.03703775629401207,,,,,,
1763596087.133027,,,,,,,-0.0048621296882629395,0.008822530508041382,0.008503437042236328,0.05859873443841934,0.014410401694476604,0.0025336304679512978
1763596087.134935,-0.1521495135154575,-0.03503682658970356,-0.03396744379252195,0.0037936593871563673,0.04154659062623978,0.03374342620372772,,,,,,
1763596087.143058,,,,,,,-0.007236063480377197,0.021810382604599,0.010754115879535675,0.07596718519926071,0.01959451101720333,0.005899134092032909
1763596087.144987,-0.20249124206900596,-0.01100070196390152,0.01654649952277541,0.008410900831222534,0.032857853919267654,0.019165050238370895,,,,,,
1763596087.153088,,,,,,,-0.009504497051239014,0.021292805671691895,0.007864721119403839,0.08314626663923264,0.02825271338224411,-0.003724198555573821
1763596087.15504,-0.2132706294324249,-0.023391981503367423,0.021493162144720555,0.009965654462575912,0.03554685041308403,0.005288649816066027,,,,,,
1763596087.163119,,,,,,,-0.008922398090362549,0.023396790027618408,0.008378982543945312,0.08512130379676819,0.032256510108709335,-0.012868961319327354
1763596087.165093,-0.14537256672643123,-0.0041284781068563455,-0.037914573983103037,0.00667547807097435,0.055047620087862015,0.005030481610447168,,,,,,
1763596087.173149,,,,,,,-0.008342325687408447,0.015854954719543457,0.006695866584777832,0.08275668323040009,0.031220540404319763,-0.020674951374530792
1763596087.175146,-0.024893399042263627,0.042837855729460715,-0.06746668555140495,0.0020349195692688227,0.08363878726959229,0.012948592193424702,,,,,,
1763596087.18318,,,,,,,-0.006886482238769531,0.004361897706985474,0.006113648414611816,0.08146858960390091,0.034955624490976334,-0.018491894006729126
1763596087.185199,0.0804671830303967,0.07754968814849852,-0.060632455617189406,-0.00591860618442297,0.10188470035791397,0.02580757439136505,,,,,,
1763596087.19321,,,,,,,-0.0029044151306152344,-0.0014987289905548096,0.0039702653884887695,0.08310110867023468,0.03739294782280922,-0.023666679859161377
1763596087.195251,0.11371164631061255,0.03520633793771267,-0.06861483267322183,-0.004527370445430279,0.10470418632030487,0.029200442135334015,,,,,,
1763596087.203241,,,,,,,-0.0001957416534423828,-4.127621650695801e-05,-0.0030132532119750977,0.08510680496692657,0.027268676087260246,-0.02857908234000206
1763596087.205304,0.08260872510373592,-0.017410569006204604,-0.0994568379215896,0.005018900614231825,0.09370817244052887,0.025375427678227425,,,,,,
1763596087.213272,,,,,,,0.0015295743942260742,0.0006748437881469727,-0.008883349597454071,0.07640572637319565,0.02072182670235634,-0.026070117950439453
1763596087.215357,0.044033056863397355,-0.05985796411335468,-0.05567775581926107,0.01620151475071907,0.0599595308303833,0.018198208883404732,,,,,,
1763596087.223302,,,,,,,-0.0032764673233032227,0.004520028829574585,-0.005312211811542511,0.047515761107206345,0.024749325588345528,-0.0215434767305851
1763596087.22541,0.017359934797510503,-0.08433306467831134,0.021789660873264075,0.02611929550766945,0.025160446763038635,0.006783985532820225,,,,,,
1763596087.233333,,,,,,,-0.014798223972320557,0.012841016054153442,0.0017294809222221375,0.028799599036574364,0.04071870446205139,-0.01535562053322792
1763596087.235463,0.018031185122579334,-0.05122925197780132,0.046705344812572,0.030662648379802704,0.006577441934496164,-0.007467654533684254,,,,,,
1763596087.243363,,,,,,,-0.021388232707977295,0.003748685121536255,0.005519501864910126,0.025442644953727722,0.05225232243537903,-0.021824439987540245
1763596087.245515,0.07120097670890391,-0.007027122157812118,0.00940729529261589,0.037589024752378464,0.026239633560180664,-0.018431060016155243,,,,,,
1763596087.253394,,,,,,,-0.017067372798919678,-0.006524175405502319,0.007360577583312988,0.030746329575777054,0.05567874386906624,-0.007920607924461365
1763596087.255568,0.12421097462363541,0.034270518392324444,-0.004952215579897165,0.04050012677907944,0.05467313900589943,-0.01576869748532772,,,,,,
1763596087.263425,,,,,,,-0.008608758449554443,0.004057377576828003,0.0005549192428588867,0.05840739235281944,0.06266129016876221,-0.01337103359401226
1763596087.265621,0.11569032597243785,0.0029342998862266537,0.029259996753931043,0.03740452975034714,0.0667547881603241,-0.00265398807823658,,,,,,
1763596087.273455,,,,,,,-0.002431333065032959,0.017403513193130493,-0.009845852851867676,0.09029848128557205,0.052168432623147964,-0.012152637355029583
1763596087.275674,0.07401413443349301,-0.03881985225975513,0.05812164184004068,0.036180540919303894,0.07351468503475189,0.01266265008598566,,,,,,
1763596087.283486,,,,,,,-0.0021294355392456055,0.017998993396759033,-0.013809561729431152,0.08921115845441818,0.05634400248527527,0.0018916756380349398
1763596087.285727,0.025772008507698774,-0.053553895533084865,0.0474864121876657,0.03286357969045639,0.08060169219970703,0.019115401431918144,,,,,,
1763596087.293516,,,,,,,-0.007836878299713135,0.014135867357254028,-0.009903311729431152,0.09135393798351288,0.06390099227428436,0.0205998495221138
1763596087.295779,-0.021040303810685872,-0.04889116441905498,0.056839785335958,0.026919405907392502,0.09937004745006561,0.012325407937169075,,,,,,
1763596087.303547,,,,,,,-0.009876370429992676,0.012156844139099121,-0.0055222585797309875,0.09919237345457077,0.07044650614261627,0.04642365500330925
1763596087.305832,-0.04850457625426352,-0.015955694022774695,0.10959551622867583,0.014080202206969261,0.1234656423330307,-0.0002189798979088664,,,,,,
1763596087.313577,,,,,,,-0.006684541702270508,0.021610796451568604,-0.006965994834899902,0.13321344554424286,0.07685620337724686,0.05685632303357124
1763596087.315885,-0.04168284047544002,-0.0026858780831098554,0.13716887506991624,-0.00476326048374176,0.1482468843460083,-0.007980762980878353,,,,,,
1763596087.323608,,,,,,,-0.00013977289199829102,0.030847549438476562,-0.012404210865497589,0.1776563823223114,0.06568903475999832,0.0558510459959507
1763596087.325938,-0.01133102989681065,0.05330372016429901,0.11691957550644874,-0.02233237586915493,0.17403960227966309,-0.006362338550388813,,,,,,
1763596087.333639,,,,,,,0.00753706693649292,0.018738001585006714,-0.016526587307453156,0.20448961853981018,0.05320493504405022,0.056547194719314575
1763596087.335991,0.030258652402460572,0.058761401048302644,0.03194412127137184,-0.026625391095876694,0.2088726907968521,-0.002035766839981079,,,,,,
1763596087.343669,,,,,,,0.004933834075927734,0.011194795370101929,-0.017861485481262207,0.20037022233009338,0.0624181404709816,0.0689457431435585
1763596087.346043,0.08237360117360949,0.0039987142473459246,0.010861293493211268,-0.02226227894425392,0.2228802740573883,0.007153528742492199,,,,,,
1763596087.3537,,,,,,,-0.0027779340744018555,0.024397850036621094,-0.016369350254535675,0.2103368490934372,0.07286039739847183,0.06499174982309341
1763596087.356096,0.08815605703257023,-0.064318450653553,0.11127777022719383,-0.016325559467077255,0.19821114838123322,0.022006776183843613,,,,,,
1763596087.36373,,,,,,,-0.008768796920776367,0.022360235452651978,-0.016996026039123535,0.2148357480764389,0.07640612870454788,0.03785586729645729
1763596087.366149,0.09505268467850983,-0.1137193181604147,0.1576926076605916,-0.01176573894917965,0.14956849813461304,0.03797522559762001,,,,,,
1763596087.373761,,,,,,,-0.008831441402435303,0.005564063787460327,-0.015451677143573761,0.20685133337974548,0.06123942509293556,0.01998525857925415
1763596087.376202,0.1065573175765574,-0.09506079491972923,0.10379501325637101,-0.007389101665467024,0.12248893827199936,0.044141773134469986,,,,,,
1763596087.383792,,,,,,,-0.004931330680847168,-0.012381166219711304,-0.013294465839862823,0.15574055910110474,0.06014513224363327,0.00573661457747221
1763596087.386255,0.06233180688098073,-0.12041676997244358,-0.014874913048744201,0.001739388331770897,0.12262788414955139,0.04379819706082344,,,,,,
1763596087.393822,,,,,,,-0.006666362285614014,-0.010004639625549316,-0.011047720909118652,0.11324823647737503,0.0611046701669693,0.002206860575824976
1763596087.396307,-0.017342910597473383,-0.15288111572563648,-0.028416823928058145,0.006023349240422249,0.11973808705806732,0.03348217532038689,,,,,,
1763596087.403853,,,,,,,-0.0064209699630737305,-0.006046414375305176,-0.015629656612873077,0.09347536414861679,0.05783670395612717,-0.0060894181951880455
1763596087.40636,-0.09495207384824753,-0.14417933835387228,0.08218246251568198,-0.0017064036801457405,0.10433498024940491,0.01838487759232521,,,,,,
1763596087.413883,,,,,,,-0.004457056522369385,-0.009116828441619873,-0.014762051403522491,0.08795809745788574,0.040673162788152695,-0.0064026061445474625
1763596087.416413,-0.09213570125326513,-0.0809931066006422,0.10970657538771629,-0.01352071762084961,0.09613510966300964,0.007889360189437866,,,,,,
1763596087.423914,,,,,,,0.0011217594146728516,-0.0069693922996521,-0.013488292694091797,0.09234195202589035,0.019543111324310303,0.004422876983880997
1763596087.426466,-0.02667195302210748,-0.030847558206319806,0.06381912282928824,-0.022907475009560585,0.102334164083004,0.006046184338629246,,,,,,
1763596087.433945,,,,,,,0.0004659891128540039,-0.004651516675949097,-0.01448523998260498,0.09993195533752441,0.020278677344322205,0.0055893417447805405
1763596087.436519,0.022903102007880805,-0.07458265503644942,-0.029765315927565095,-0.025065433233976364,0.12065964192152023,0.008155673742294312,,,,,,
1763596087.443975,,,,,,,-0.0027156472206115723,-0.010187298059463501,-0.019563093781471252,0.10087064653635025,0.02476610243320465,0.016600914299488068
1763596087.446571,0.007712985530123114,-0.13691373126506803,-0.029975451546907422,-0.021796954795718193,0.11627847701311111,0.01405393611639738,,,,,,
1763596087.454006,,,,,,,0.0017275810241699219,-0.013398081064224243,-0.021233446896076202,0.1051090732216835,0.02355649508535862,0.017775367945432663
1763596087.456624,-0.020029519332945344,-0.10003566072285175,0.047906245034933084,-0.02160334400832653,0.09244690835475922,0.028772160410881042,,,,,,
1763596087.464036,,,,,,,0.004349708557128906,-0.00842815637588501,-0.014020569622516632,0.10317488759756088,0.0074385120533406734,0.008347044698894024
1763596087.466677,-0.07815474136956035,-0.06731237177252769,0.1182499473273754,-0.020773397758603096,0.06617112457752228,0.037771083414554596,,,,,,
1763596087.474067,,,,,,,0.00021249055862426758,-0.00360909104347229,-0.0011680200695991516,0.10028322786092758,0.00018778990488499403,0.002002063440158963
1763596087.47673,-0.17245777672454712,-0.03968903630971908,0.09748772980570793,-0.025944724678993225,0.05951322242617607,0.03572923690080643,,,,,,
1763596087.484097,,,,,,,-0.0060021281242370605,-0.014773815870285034,0.0028934404253959656,0.08657712489366531,0.009450264275074005,0.0065570008009672165
1763596087.486783,-0.19974873842783272,-0.030455928540229795,-0.012879355317354202,-0.026647254824638367,0.08701948821544647,0.01853473298251629,,,,,,
1763596087.494128,,,,,,,-0.00721287727355957,-0.019089728593826294,-0.0010454654693603516,0.0772419422864914,0.015352628193795681,0.020707175135612488
1763596087.496835,-0.16270568658225237,-0.04387304399609566,-0.04291910427212715,-0.03454166278243065,0.11293816566467285,0.0011940933763980865,,,,,,
1763596087.504159,,,,,,,0.00022602081298828125,-0.014155179262161255,-0.004426233470439911,0.09869588911533356,0.011505691334605217,0.01949184015393257
1763596087.506888,-0.15253917042016982,-0.04112988276779651,-0.01118541088104248,-0.041675060987472534,0.1267440915107727,-0.009054762311279774,,,,,,
1763596087.514189,,,,,,,0.0068076252937316895,-0.015118151903152466,-0.008600950241088867,0.12750276923179626,0.0005020429380238056,0.031975407153367996
1763596087.516941,-0.10366751441918313,-0.04578735318481922,0.015841712254285812,-0.041037239134311676,0.1225791797041893,-0.004956956487149,,,,,,
1763596087.52422,,,,,,,0.005846202373504639,-0.014391213655471802,-0.006666660308837891,0.1367175281047821,0.0042895907536149025,0.041964925825595856
1763596087.526994,-0.07191679682806133,-0.053090369674563404,0.04331994015797972,-0.04170761629939079,0.10658508539199829,0.0067117102444171906,,,,,,
1763596087.53425,,,,,,,0.0009980201721191406,-0.003985464572906494,-0.0006614848971366882,0.1456737369298935,0.005214506294578314,0.045565519481897354
1763596087.537047,-0.10426891437843441,-0.05777355905473232,0.0549380433678627,-0.044177696108818054,0.08860369026660919,0.01578456722199917,,,,,,
1763596087.544281,,,,,,,-0.004415035247802734,-0.0033971667289733887,0.003928184509277344,0.1442646086215973,0.003001952078193426,0.0301195178180933
1763596087.547099,-0.15043043463788927,-0.0410433735281229,0.04082447008043527,-0.04493280500173569,0.08673086017370224,0.014065043069422245,,,,,,
1763596087.554312,,,,,,,-0.006465733051300049,-0.020384877920150757,0.00816916674375534,0.11789052188396454,0.004951918497681618,0.032510239630937576
1763596087.557152,-0.12115187931396067,-0.01293956107199192,-0.060907911557704204,-0.04078013822436333,0.10082031786441803,0.01051744632422924,,,,,,
1763596087.564342,,,,,,,-0.0035453438758850098,-0.025637805461883545,0.009607307612895966,0.09157315641641617,0.004278671462088823,0.03281257301568985
1763596087.567205,-0.13081548745520413,-0.04280044632852077,-0.08300809968486428,-0.0376228466629982,0.09940120577812195,0.007299297489225864,,,,,,
1763596087.574373,,,,,,,-0.003003418445587158,-0.015667110681533813,0.004990935325622559,0.07692763209342957,0.005134345032274723,0.02439645305275917
1763596087.577258,-0.18188633400090037,-0.08156359996497631,-0.07741320228725672,-0.028984084725379944,0.07263004779815674,-0.00013944460079073906,,,,,,
1763596087.584403,,,,,,,0.0002516508102416992,-0.015284955501556396,0.0029004812240600586,0.07802927494049072,-0.0024221078492701054,0.02152283489704132
1763596087.587311,-0.15671667530052363,-0.04963759887218475,-0.0815054400369525,-0.020623425021767616,0.047782935202121735,-0.00456337071955204,,,,,,
1763596087.594434,,,,,,,0.0009761452674865723,-0.030325114727020264,0.003573305904865265,0.053838446736335754,0.003805427812039852,0.03717316687107086
1763596087.597363,-0.08615180453807116,0.010264204382896422,-0.03646379065290093,-0.022608544677495956,0.040435541421175,-0.014392565935850143,,,,,,
1763596087.604465,,,,,,,-0.0017173290252685547,-0.02805107831954956,0.010063178837299347,0.05359144136309624,-0.0008553703082725406,0.06013553962111473
1763596087.607416,-0.0708270288299769,-0.0035001170754432676,-0.03559387595057487,-0.03577115759253502,0.046102698892354965,-0.02714407444000244,,,,,,
1763596087.614495,,,,,,,-0.0016804337501525879,-0.022986143827438354,0.01021122932434082,0.07031023502349854,-0.009225153364241123,0.07734142243862152
1763596087.617469,-0.06957432535514235,-0.022464345264434814,-0.060143795317411416,-0.0469505749642849,0.060181502252817154,-0.03615621104836464,,,,,,
1763596087.624526,,,,,,,0.0006806254386901855,-0.02577948570251465,0.003291010856628418,0.08484189212322235,-0.014579172246158123,0.09425529092550278
1763596087.627522,-0.031716230799630284,-0.01400397543311119,-0.124190735553205,-0.04786944016814232,0.06839866191148758,-0.03519365191459656,,,,,,
1763596087.634556,,,,,,,0.0008552670478820801,-0.026993602514266968,0.0034284591674804688,0.09183322638273239,-0.015891311690211296,0.09447260946035385
1763596087.637575,-0.021431348954886197,-0.04238134413361549,-0.1405973882138729,-0.03452247381210327,0.05512334033846855,-0.029163455590605736,,,,,,
1763596087.644587,,,,,,,-0.004638671875,-0.028205424547195435,0.006103403866291046,0.08994247019290924,-0.02319503016769886,0.0939851850271225
1763596087.647627,-0.08476736444234848,-0.10325871442258358,-0.08577157304883003,-0.018295999616384506,0.014425269328057766,-0.028007185086607933,,,,,,
1763596087.654617,,,,,,,-0.009124398231506348,-0.032223641872406006,0.012217164039611816,0.06311139464378357,-0.013686214573681355,0.09144452959299088
1763596087.65768,-0.18452252772338687,-0.12551906154751777,-0.03267477363348007,-0.0004743938334286213,-0.026583416387438774,-0.039571959525346756,,,,,,
1763596087.664648,,,,,,,-0.015081703662872314,-0.03197133541107178,0.02052067220211029,0.03948903828859329,-0.0005477751838043332,0.09616038203239441
1763596087.667733,-0.2899725416451692,-0.14028174639344215,-0.047474867880344385,0.009887328371405602,-0.04299883171916008,-0.06428886204957962,,,,,,
1763596087.674679,,,,,,,-0.014830529689788818,-0.033777862787246704,0.021079175174236298,0.026644080877304077,0.0135398143902421,0.09887654334306717
1763596087.677786,-0.3362473860859871,-0.0869008693397045,-0.07383695123568176,0.007649474311619997,-0.020409902557730675,-0.09262783080339432,,,,,,
1763596087.684709,,,,,,,-0.00662994384765625,-0.0317097008228302,0.015271544456481934,0.02714928239583969,0.02531524747610092,0.11133986711502075
1763596087.687839,-0.3202466108124703,-0.005697334858775139,-0.07714256865233182,-0.01059362106025219,0.02812962792813778,-0.11276504397392273,,,,,,
1763596087.69474,,,,,,,0.003686368465423584,-0.012569636106491089,0.011285059154033661,0.045349325984716415,0.016625352203845978,0.11423126608133316
1763596087.697892,-0.3001324088707566,0.04285422234237194,-0.058691842943429946,-0.033062711358070374,0.07515226304531097,-0.12086105346679688,,,,,,
1763596087.70477,,,,,,,0.007216453552246094,-0.0005807578563690186,0.009805083274841309,0.06886743009090424,0.02254262939095497,0.12018955498933792
1763596087.707944,-0.2257889694176614,0.05246960742771625,-0.009492343227565288,-0.048974037170410156,0.11468935012817383,-0.11657550930976868,,,,,,
1763596087.714801,,,,,,,0.001305699348449707,0.00244903564453125,0.016312837600708008,0.08340216428041458,0.027489185333251953,0.12921687960624695
1763596087.717997,-0.10206110213585197,0.07872866879999638,0.005389145692437887,-0.060032814741134644,0.1329043209552765,-0.09751446545124054,,,,,,
1763596087.724832,,,,,,,-0.002601921558380127,0.0069231390953063965,0.01787698268890381,0.09606096893548965,0.029918788000941277,0.13171811401844025
1763596087.72805,-0.02869841734841466,0.0909574512541294,-0.0629480390831828,-0.05802438035607338,0.14002463221549988,-0.07589380443096161,,,,,,
1763596087.734862,,,,,,,-0.0015702247619628906,0.002374619245529175,0.015847213566303253,0.09045667201280594,0.03943053260445595,0.12643593549728394
1763596087.738103,0.011877119472250341,0.10473521671593189,-0.13642244061678646,-0.03849382326006889,0.13711193203926086,-0.061004601418972015,,,,,,
1763596087.744893,,,,,,,0.0016054511070251465,0.004676312208175659,0.009345896542072296,0.08902409672737122,0.04226440191268921,0.11699236184358597
1763596087.748156,0.014169468193128705,0.08111702524125576,-0.11229366927146911,-0.010981995612382889,0.10026764124631882,-0.05301126465201378,,,,,,
1763596087.754923,,,,,,,0.004074454307556152,0.009299784898757935,0.00649309903383255,0.07405420392751694,0.030374187976121902,0.09507881104946136
1763596087.758208,-0.053475861860811706,0.02123275764286518,-0.036844752794504165,0.018576694652438164,0.036067090928554535,-0.04428861290216446,,,,,,
1763596087.764954,,,,,,,0.0004366636276245117,0.015292733907699585,0.007779113948345184,0.05868668481707573,0.04041989892721176,0.07461155205965042
1763596087.768261,-0.1441213245563209,0.010776245558261871,-0.0023240590333938596,0.03928578272461891,-0.018974438309669495,-0.045804135501384735,,,,,,
1763596087.774984,,,,,,,-0.004114747047424316,0.011736035346984863,0.015198111534118652,0.03180021047592163,0.047534000128507614,0.04934880509972572
1763596087.778314,-0.15838409705609083,0.0569201570957899,-0.01032163365855813,0.04939673840999603,-0.02786114066839218,-0.05336431786417961,,,,,,
1763596087.785015,,,,,,,-0.002584397792816162,0.0029062628746032715,0.018018491566181183,0.008797788992524147,0.03330526128411293,0.039679400622844696
1763596087.788368,-0.12748152072690427,0.07188976269066333,-0.030964170323312282,0.038686443120241165,0.003257067408412695,-0.05983618646860123,,,,,,
1763596087.795046,,,,,,,0.000401914119720459,0.002179652452468872,0.008986718952655792,-0.007664275821298361,0.03786858916282654,0.028788136318325996
1763596087.79842,-0.07415522340461611,0.013325345519185065,-0.03721431675925851,0.01753108948469162,0.05691869556903839,-0.06206098943948746,,,,,,
1763596087.805076,,,,,,,-0.003453373908996582,0.009150147438049316,0.0011504888534545898,-0.0013587188441306353,0.045063916593790054,0.03040274605154991
1763596087.808474,-0.00684175565354526,-0.053142976644635194,-0.057850131422281265,0.0015225093811750412,0.0978081226348877,-0.052692148834466934,,,,,,
1763596087.815107,,,,,,,-0.0048906803131103516,0.01466459035873413,-0.005773536860942841,0.017363037914037704,0.04251713678240776,0.02936491183936596
1763596087.818526,0.04709054473787546,-0.05445815089643001,-0.02309796699285507,-0.002116700168699026,0.09856845438480377,-0.03070242516696453,,,,,,
1763596087.825137,,,,,,,-0.003446221351623535,0.01568010449409485,-0.005077727138996124,0.028934121131896973,0.029848214238882065,0.027805497869849205
1763596087.828578,0.08948423689641058,-0.04830898061692714,0.010781213994324206,0.006295523140579462,0.07233042269945145,-0.00564658734947443,,,,,,
1763596087.835168,,,,,,,-0.006360888481140137,0.019144415855407715,-0.002760283648967743,0.03578883409500122,0.025408724322915077,0.029684357345104218
1763596087.838632,0.048384530071169135,-0.04242752136290073,0.008064063990116119,0.018618501722812653,0.04339597746729851,0.0071986373513937,,,,,,
1763596087.845199,,,,,,,-0.012150228023529053,0.01625305414199829,-0.0008155107498168945,0.03033297322690487,0.032266631722450256,0.030348682776093483
1763596087.848685,-0.0054196138959378,-0.06929507002234458,-0.04643880283087492,0.027463950216770172,0.026123449206352234,0.004162291530519724,,,,,,
1763596087.855229,,,,,,,-0.015218138694763184,0.013936400413513184,-0.004703991115093231,0.03371651843190193,0.042106743901968,0.026134496554732323
1763596087.858737,0.0037470775738358496,-0.0750713153362274,-0.03685249770954251,0.02619282528758049,0.024165494367480278,-0.002573109231889248,,,,,,
1763596087.86526,,,,,,,-0.011080443859100342,0.006324321031570435,-0.008258223533630371,0.04118562117218971,0.03799295797944069,0.019176188856363297
1763596087.868789,0.03945003992207348,-0.05946224279403686,0.005501373895257711,0.022254787385463715,0.034570660442113876,-0.011602572165429592,,,,,,
1763596087.87529,,,,,,,-0.004224836826324463,0.002787679433822632,-0.009347803890705109,0.04376249387860298,0.034234438091516495,0.012799784541130066
1763596087.878843,0.05380830868557095,-0.08184943116903305,0.016300269676744937,0.018096793442964554,0.03651024028658867,-0.011654770001769066,,,,,,
1763596087.885321,,,,,,,-0.004632711410522461,0.01056089997291565,-0.007498502731323242,0.050810761749744415,0.03414469212293625,0.0039853863418102264
1763596087.888896,0.007469751358777284,-0.09976327352225779,0.003834755857288837,0.01985570788383484,0.026912247762084007,-0.0033498024567961693,,,,,,
1763596087.895351,,,,,,,-0.009168922901153564,0.014323234558105469,-0.005432851612567902,0.045762207359075546,0.03494177386164665,-0.010176239535212517
1763596087.898948,-0.03704290571510792,-0.0822913297176361,-0.03208689074292779,0.02829420007765293,0.015752004459500313,0.0069462452083826065,,,,,,
1763596087.905382,,,,,,,-0.010387897491455078,0.009561628103256226,-0.001762397587299347,0.01554940827190876,0.033391017466783524,-0.017066702246665955
1763596087.909002,-0.0640342268846929,-0.053722237837314606,-0.07152998946756124,0.040897101163864136,0.009172470308840275,0.00660005072131753,,,,,,
1763596087.915413,,,,,,,-0.011091887950897217,0.006058216094970703,-0.00022614002227783203,-0.007130870129913092,0.04017435386776924,-0.024598920717835426
1763596087.919054,-0.06694441524296998,-0.04296645054519176,-0.04405892195701599,0.0466761589050293,0.006264565046876669,0.005647171288728714,,,,,,
1763596087.925443,,,,,,,-0.01230466365814209,0.0019549429416656494,-0.0006716176867485046,-0.020140670239925385,0.04706661403179169,-0.03055361658334732
1763596087.929106,-0.04673427864611149,-0.061381228157877915,-0.026951135289669036,0.04553816467523575,0.00510042579844594,-0.0036368912551552057,,,,,,
1763596087.935474,,,,,,,-0.01270061731338501,0.0029940009117126465,-0.002782583236694336,-0.012873437255620956,0.05056281387805939,-0.02819538675248623
1763596087.93916,-0.007640285620093345,-0.1112614036142826,-0.03875000189393758,0.04198524355888367,0.004188026767224073,-0.00528086069971323,,,,,,
1763596087.945504,,,,,,,-0.009795546531677246,0.005804955959320068,-0.0035566017031669617,0.011321069672703743,0.05074124410748482,-0.03209864720702171
1763596087.949213,-0.0003552431784570217,-0.12208324187994003,-0.07306435942798853,0.04321867972612381,0.0036128140054643154,0.0023715817369520664,,,,,,
1763596087.955535,,,,,,,-0.009545564651489258,0.0050806403160095215,-0.00247751921415329,0.01600583642721176,0.055421750992536545,-0.03188106790184975
1763596087.959265,-0.004713511453196406,-0.084949150750041,-0.08425663844123482,0.044881824404001236,0.011882196180522442,0.006960474886000156,,,,,,
1763596087.965566,,,,,,,-0.011839985847473145,-0.0001099705696105957,0.0020148754119873047,0.021116742864251137,0.0592215470969677,-0.02626519463956356
1763596087.969319,-0.03470028811171651,-0.036064416071772576,-0.055387832961976524,0.044428616762161255,0.02338327094912529,0.010016423650085926,,,,,,
1763596087.975596,,,,,,,-0.011829078197479248,0.0009375512599945068,0.005397804081439972,0.036091700196266174,0.05934352055191994,-0.03421126678586006
1763596087.979371,-0.059071562976017594,-0.045613750183582304,-0.03108808896392584,0.03757816553115845,0.028643013909459114,0.006597723811864853,,,,,,
1763596087.985627,,,,,,,-0.01129615306854248,0.0049918293952941895,0.00468803197145462,0.02763654850423336,0.055131733417510986,-0.023969683796167374
1763596087.989424,-0.05549114720597863,-0.07880407212376594,-0.04457797739505768,0.034275684505701065,0.024277253076434135,0.0026142641436308622,,,,,,
1763596087.995657,,,,,,,-0.008669018745422363,0.006422251462936401,0.004255056381225586,0.025606688112020493,0.05816933512687683,-0.03180709853768349
1763596087.999476,-0.024553353432938456,-0.06271627615392207,-0.07459902164936065,0.03725416213274002,0.017102962359786034,-5.049468018114567e-05,,,,,,
1763596088.005688,,,,,,,-0.01242142915725708,0.003638535737991333,0.005719415843486786,0.020868197083473206,0.06309671700000763,-0.04152384400367737
1763596088.00953,0.020189166874065995,0.005639467191696166,-0.08408829613700508,0.04713696986436844,0.012549377977848053,0.002236180007457733,,,,,,
1763596088.015719,,,,,,,-0.01115727424621582,0.005088388919830322,0.009092099964618683,0.019704662263393402,0.05858611688017845,-0.04803793504834175
1763596088.019583,0.08066285173296928,0.04776829786896705,-0.08284750229567289,0.0608501173555851,0.0012437270488590002,0.01744256354868412,,,,,,
1763596088.025749,,,,,,,-0.009245097637176514,0.0019894838333129883,0.010765314102172852,0.005068471189588308,0.0528816282749176,-0.058599166572093964
1763596088.029635,0.05756948784999549,-0.00480886158645153,-0.08485387368202209,0.07249683886766434,-0.010909361764788628,0.038325224071741104,,,,,,
1763596088.03578,,,,,,,-0.010663509368896484,0.0047401487827301025,0.013014912605285645,0.002006102818995714,0.0615086704492569,-0.06427755951881409
1763596088.039688,0.037100700316950674,-0.017815642675757408,-0.09529241171851753,0.07967778295278549,-0.01633741706609726,0.05422748997807503,,,,,,
1763596088.04581,,,,,,,-0.011600673198699951,0.007632434368133545,0.009759187698364258,-0.0070847272872924805,0.059091851115226746,-0.06550121307373047
1763596088.049741,0.008167743560299277,-0.023129531174898146,-0.0539281356729567,0.08414628356695175,-0.02375772036612034,0.06238464266061783,,,,,,
1763596088.055841,,,,,,,-0.007961392402648926,0.015319913625717163,0.00850212574005127,-0.014866217970848083,0.05327710509300232,-0.0750821977853775
1763596088.059793,-0.08909472612217068,-0.03865910874009132,-0.018958675231039522,0.08635856956243515,-0.026009690016508102,0.056522756814956665,,,,,,
1763596088.065871,,,,,,,-0.006403446197509766,0.005822211503982544,0.007399439811706543,-0.01987653225660324,0.06577186286449432,-0.0773150622844696
1763596088.069847,-0.14553265265896914,-0.02092822173833847,-0.068194853695482,0.08912443369626999,-0.013028204441070557,0.04741455242037773,,,,,,
1763596088.075902,,,,,,,-0.0075206756591796875,-0.004331618547439575,0.004953369498252869,-0.019044294953346252,0.07440662384033203,-0.0723181739449501
1763596088.0799,-0.10942447051070629,0.031762919485568995,-0.02769114000201225,0.08223376423120499,0.001060450216755271,0.04408559948205948,,,,,,
1763596088.085933,,,,,,,-0.0008956193923950195,-0.0023966729640960693,0.005981557071208954,0.0027380692772567272,0.06430605798959732,-0.0722987949848175
1763596088.089952,-0.09323072994835674,0.027772973066568372,0.02308744559884071,0.07534529268741608,0.019486146047711372,0.04508887976408005,,,,,,
1763596088.095963,,,,,,,0.004836618900299072,-0.0013175010681152344,0.007641315460205078,0.01774471439421177,0.05624759569764137,-0.06054573878645897
1763596088.100004,-0.09069353962093592,0.025116905599832533,0.01961173231229186,0.06735047698020935,0.04504236951470375,0.0464758537709713,,,,,,
1763596088.105994,,,,,,,0.005194902420043945,0.0011152923107147217,0.00772857666015625,0.03172476589679718,0.058852966874837875,-0.05597049370408058
1763596088.110057,-0.10246814856678246,0.04114098868370056,0.003951367974281311,0.060172609984874725,0.06010371446609497,0.04569513350725174,,,,,,
1763596088.116024,,,,,,,0.002949655055999756,-0.0021143853664398193,0.005896091461181641,0.042299382388591766,0.06839187443256378,-0.05637316405773163
1763596088.120111,-0.13880064099021255,0.07222820086479187,0.013331629129499195,0.06067301705479622,0.06623377650976181,0.04078639671206474,,,,,,
1763596088.126055,,,,,,,0.006648123264312744,-0.007296919822692871,0.0030519962310791016,0.031525809317827225,0.0766143873333931,-0.043202631175518036
1763596088.130163,-0.14383483576513825,0.11861644255220889,0.05679550780281424,0.06400451064109802,0.063127301633358,0.03208031505346298,,,,,,
1763596088.136086,,,,,,,0.011229753494262695,-0.005590975284576416,0.0033135414123535156,0.03268668055534363,0.07841681689023972,-0.03672289475798607
1763596088.140217,-0.11965009644888341,0.12240063726603984,0.07648600443974136,0.06595926731824875,0.053825411945581436,0.024588843807578087,,,,,,
1763596088.146116,,,,,,,0.011683881282806396,-0.008371114730834961,0.004801750183105469,0.03447510674595833,0.07848259806632996,-0.03234964981675148
1763596088.150269,-0.10006459455639123,0.12849720057547093,0.07839359162673354,0.06272023171186447,0.05529072508215904,0.015675947070121765,,,,,,
1763596088.156147,,,,,,,0.010846197605133057,-0.013187170028686523,0.004743099212646484,0.04072714224457741,0.08363554626703262,-0.010702146217226982
1763596088.160321,-0.05802607251107692,0.13146832534074782,0.04149520894885063,0.05616885423660278,0.07583940774202347,0.009905676357448101,,,,,,
1763596088.166177,,,,,,,0.010882139205932617,-0.014018625020980835,-0.002540692687034607,0.056572627276182175,0.08718074858188629,0.0018137781880795956
1763596088.170375,-0.05514627929106354,0.09185586139857768,-0.002846767733246088,0.05198772996664047,0.10155610740184784,0.0014346535317599773,,,,,,
1763596088.176208,,,,,,,0.014804422855377197,-0.008213847875595093,-0.01309289038181305,0.0756043791770935,0.08526433259248734,0.01148131862282753
1763596088.180428,-0.05332739330083131,0.07542845821082592,0.014015373609960078,0.047797512263059616,0.11630149930715561,-0.0033334698528051376,,,,,,
1763596088.186238,,,,,,,0.01564556360244751,-0.0074867308139801025,-0.017691150307655334,0.08825746178627014,0.09030622988939285,0.013884289190173149
1763596088.19048,-0.04081446014307439,0.04258066609799862,0.13068477374762297,0.04729905351996422,0.10891257226467133,-0.0007677979301661253,,,,,,
1763596088.196269,,,,,,,0.013960838317871094,-0.006723254919052124,-0.0139847993850708,0.09889598935842514,0.0809880942106247,0.023165937513113022
1763596088.200533,-0.07472505918182432,0.014127894073724745,0.21050869043841958,0.0416017509996891,0.08830317109823227,-0.0008162674494087696,,,,,,
1763596088.2063,,,,,,,0.012271761894226074,0.002558112144470215,-0.007540225982666016,0.10857908427715302,0.0721898078918457,0.024944663047790527
1763596088.210586,-0.1130941719993949,0.008701777371764183,0.17667042598351834,0.03513646125793457,0.0867699384689331,-0.007774603087455034,,,,,,
1763596088.21633,,,,,,,0.00714266300201416,0.011167347431182861,-0.008751295506954193,0.10408339649438858,0.07050882279872894,0.02761687897145748
1763596088.220639,-0.13329020700566468,-0.01402794083058834,0.10637830774784088,0.026916611939668655,0.10029799491167068,-0.01844748668372631,,,,,,
1763596088.226361,,,,,,,0.004165291786193848,0.010449856519699097,-0.020555496215820312,0.09896355122327805,0.07390808314085007,0.023684589192271233
1763596088.230691,-0.08883205659799277,-0.0344032048612833,0.09284662600159645,0.021128250285983086,0.11672311276197433,-0.026262525469064713,,,,,,
1763596088.236391,,,,,,,0.00519108772277832,0.0034899115562438965,-0.02571868896484375,0.08648184686899185,0.06820891797542572,0.022366324439644814
1763596088.240745,0.00992488942593336,-0.005412088176608086,0.12852014305964113,0.012358460575342178,0.12602606415748596,-0.01950155943632126,,,,,,
1763596088.246422,,,,,,,0.003827810287475586,-0.00012767314910888672,-0.0188995823264122,0.08475566655397415,0.05543453246355057,0.026812070980668068
1763596088.250798,0.12575601210854948,-0.00874678555727005,0.16895955934524534,0.005460420623421669,0.11895326524972916,-0.00021896744146943092,,,,,,
1763596088.256453,,,,,,,0.0018911361694335938,0.0011066794395446777,-0.01630498468875885,0.09433239698410034,0.056013770401477814,0.028496520593762398
1763596088.26085,0.14916392183341085,-0.046128129446506495,0.10494842107519507,0.0026361383497714996,0.11322852969169617,0.012284040451049805,,,,,,
1763596088.266483,,,,,,,-0.00017529726028442383,0.007167786359786987,-0.02035392075777054,0.12103794515132904,0.05739834904670715,0.029750071465969086
1763596088.270903,0.07817096185199916,-0.05853343751132488,-0.005164981547743082,0.008949348703026772,0.11092673987150192,0.01875980943441391,,,,,,
1763596088.276514,,,,,,,0.0067427754402160645,0.012374013662338257,-0.031630292534828186,0.14538748562335968,0.054088570177555084,0.021188540384173393
1763596088.280956,0.013007292545959353,-0.03996785325109958,0.05753083634003996,0.014444781467318535,0.10383874177932739,0.02043733559548855,,,,,,
1763596088.286544,,,,,,,0.011529088020324707,0.020932137966156006,-0.03338122367858887,0.1627911627292633,0.04760776832699776,0.012134726159274578
1763596088.291008,-0.020003581174090502,-0.030030981126427648,0.20517668176069853,0.010638613253831863,0.08890579640865326,0.013577679172158241,,,,,,
1763596088.296575,,,,,,,0.004626929759979248,0.030316025018692017,-0.02093244343996048,0.1751386523246765,0.04868954420089722,0.0020000662188977003
1763596088.301062,-0.049513826362043614,-0.05824877535104751,0.26546105459257957,0.002150319516658783,0.08579549193382263,0.012144632637500763,,,,,,
1763596088.306605,,,,,,,-0.00569760799407959,0.03571599721908569,-0.009625911712646484,0.18541723489761353,0.05025734752416611,-0.012690262869000435
1763596088.311115,-0.005004384158551692,-0.056740124353766436,0.2273604565180838,-0.004979537799954414,0.09583546221256256,0.02039833553135395,,,,,,
1763596088.316636,,,,,,,-0.010291814804077148,0.04422396421432495,-0.012219905853271484,0.2015831619501114,0.05658075958490372,-0.03163359686732292
1763596088.321167,0.0073165335584431885,-0.07277823596298694,0.13492401875257493,0.0037987735122442245,0.10694564133882523,0.04913730546832085,,,,,,
1763596088.326667,,,,,,,-0.006244242191314697,0.0602719783782959,-0.013819575309753418,0.2244461625814438,0.0442066453397274,-0.06658272445201874
1763596088.331219,0.01621178767569363,-0.09389642731547355,0.10387421597242355,0.01712990179657936,0.09511545300483704,0.08983978629112244,,,,,,
1763596088.336697,,,,,,,-0.005652666091918945,0.06748297810554504,-0.012245044112205505,0.26505616307258606,0.06298992037773132,-0.10716423392295837
1763596088.341273,-0.01829071284160018,-0.09850713598132133,0.11487243371829389,0.034842852503061295,0.0650816485285759,0.13871410489082336,,,,,,
1763596088.346728,,,,,,,-0.011271655559539795,0.0805421769618988,-0.011215105652809143,0.315851628780365,0.08272261172533035,-0.15252360701560974
1763596088.351326,-0.13327018713094294,-0.16654723750650882,0.1372105222545564,0.07756294310092926,0.047197140753269196,0.19212111830711365,,,,,,
1763596088.356758,,,,,,,-0.013216912746429443,0.11268991231918335,-0.009851932525634766,0.3669784665107727,0.09331373870372772,-0.24205508828163147
1763596088.361378,-0.2924782408557832,-0.2221171490371227,0.21542101239934563,0.11908721923828125,0.032399553805589676,0.25520288944244385,,,,,,
1763596088.366789,,,,,,,-0.011716842651367188,0.13317903876304626,0.0031189918518066406,0.39672544598579407,0.1076498031616211,-0.33745044469833374
1763596088.371432,-0.3881382437776774,-0.18257073606848714,0.3003811229348182,0.1373782604932785,0.02969256229698658,0.3217730224132538,,,,,,
1763596088.37682,,,,,,,-0.015841901302337646,0.12996640801429749,0.019104361534118652,0.3641935884952545,0.12483943998813629,-0.43579167127609253
1763596088.381485,-0.5013190711472183,-0.11915303364694117,0.3062193275690079,0.12123923748731613,0.050915561616420746,0.3799346089363098,,,,,,
1763596088.38685,,,,,,,-0.02085566520690918,0.11846476793289185,0.030301108956336975,0.30820396542549133,0.1191067174077034,-0.5310471057891846
1763596088.391536,-0.4862682900749147,0.027158056038618088,0.1377472594797611,0.08720871061086655,0.1492210477590561,0.41393086314201355,,,,,,
1763596088.396881,,,,,,,-0.020463109016418457,0.07612088322639465,0.035600677132606506,0.21112987399101257,0.140982985496521,-0.5868480205535889
1763596088.40159,-0.23279015341661868,0.25123861410319803,-0.1649532463133335,0.06697773933410645,0.3127324879169464,0.4323447346687317,,,,,,
1763596088.406911,,,,,,,-0.015949547290802002,0.04912453889846802,0.04136909544467926,0.1562178134918213,0.16753417253494263,-0.5981111526489258
1763596088.411643,0.13478504867330193,0.3561784134805202,-0.31915143598690626,0.037952106446027756,0.41690778732299805,0.45223915576934814,,,,,,
1763596088.416942,,,,,,,-0.0040860772132873535,0.0549178421497345,0.019710399210453033,0.19376544654369354,0.15133044123649597,-0.6130818128585815
1763596088.421695,0.43001171145439143,0.2836047601789236,-0.33243995662704107,0.034511834383010864,0.4236067235469818,0.4851909875869751,,,,,,
1763596088.426972,,,,,,,0.01691538095474243,0.05994677543640137,-0.009425163269042969,0.2455657720565796,0.11802494525909424,-0.619117796421051
1763596088.431749,0.6454680874280632,0.21444588375687598,-0.3876373815834522,0.061490293592214584,0.34829872846603394,0.5322721600532532,,,,,,
1763596088.437003,,,,,,,0.02910029888153076,0.05692791938781738,-0.012682780623435974,0.25649216771125793,0.0963209792971611,-0.62420254945755
1763596088.441802,0.7504443463582545,0.17479717945754528,-0.34622882800474764,0.10807590931653976,0.22702637314796448,0.5744460225105286,,,,,,
1763596088.447034,,,,,,,0.02054053544998169,0.039875954389572144,-0.0017592757940292358,0.2504987120628357,0.08168744295835495,-0.6281185746192932
1763596088.451854,0.6774542942754924,0.1120329725086689,-0.23578590116649864,0.1527853161096573,0.09681616723537445,0.596233606338501,,,,,,
1763596088.457064,,,,,,,0.0014961957931518555,0.024121254682540894,0.010179281234741211,0.18733569979667664,0.08321236819028854,-0.6555965542793274
1763596088.461906,0.5150402475835755,0.03571721006929874,-0.20554127728939056,0.19294951856136322,0.007140614092350006,0.5922606587409973,,,,,,
1763596088.467095,,,,,,,-0.013694345951080322,0.02313169836997986,0.019459381699562073,0.12290439009666443,0.07952629029750824,-0.6879881024360657
1763596088.47196,0.29759284392315893,-0.009735212072730063,-0.24163886497840284,0.21846401691436768,-0.03959997743368149,0.5775452852249146,,,,,,
1763596088.477125,,,,,,,-0.010635197162628174,0.018680185079574585,0.025658369064331055,0.029481494799256325,0.07111629098653793,-0.7216981053352356
1763596088.482013,0.14544997934419662,-0.021481179445981977,-0.18169994458332656,0.22639304399490356,-0.06412263214588165,0.5669856071472168,,,,,,
1763596088.487156,,,,,,,-0.0068045854568481445,0.02296784520149231,0.03013266623020172,-0.08051084727048874,0.07547987997531891,-0.7798069715499878
1763596088.492065,0.03066259356085211,-0.017959435060620307,-0.12404840447306632,0.23458601534366608,-0.07484963536262512,0.5672605633735657,,,,,,
1763596088.497187,,,,,,,-0.008432984352111816,0.027087360620498657,0.02935885637998581,-0.17460300028324127,0.07854704558849335,-0.8339349031448364
1763596088.502119,-0.05781341614108532,-0.015464695635437965,-0.1108779572546482,0.25117671489715576,-0.07823611050844193,0.5802929997444153,,,,,,
1763596088.507217,,,,,,,-0.012033820152282715,0.017575174570083618,0.02547512948513031,-0.28021660447120667,0.08766384422779083,-0.8931874632835388
1763596088.512171,-0.07634360029436647,0.045319735673069954,-0.11796236255764961,0.267226904630661,-0.08098746091127396,0.5962635278701782,,,,,,
1763596088.517248,,,,,,,-0.01334238052368164,0.010595172643661499,0.034084901213645935,-0.3378087878227234,0.09564373642206192,-0.924321174621582
1763596088.522223,-0.026320107377134264,0.14187281497716903,-0.13160612637624144,0.27976611256599426,-0.08242316544055939,0.6085249781608582,,,,,,
1763596088.527278,,,,,,,-0.006557881832122803,6.946921348571777e-05,0.039239875972270966,-0.36400386691093445,0.09613215923309326,-0.942581057548523
1763596088.532277,0.0028728154899552464,0.21386019282341,-0.17901567393541334,0.2879718244075775,-0.06375734508037567,0.6106952428817749,,,,,,
1763596088.537309,,,,,,,0.002160489559173584,0.003514230251312256,0.03522968292236328,-0.3513301610946655,0.10548678040504456,-0.9236657023429871
1763596088.54233,0.05344909258489497,0.26797289128303525,-0.20847192391380667,0.28844213485717773,-0.028983918949961662,0.6056346893310547,,,,,,
1763596088.547339,,,,,,,0.014965593814849854,0.009893089532852173,0.02401065081357956,-0.27945712208747864,0.10545162856578827,-0.8909775018692017
1763596088.552382,0.07893363505387678,0.24824410846233366,-0.16343451231345532,0.2774578630924225,-0.0006847927579656243,0.5938794016838074,,,,,,
1763596088.55737,,,,,,,0.022081375122070312,0.010155946016311646,0.01149999350309372,-0.18721799552440643,0.10903384536504745,-0.8388168215751648
1763596088.562436,0.07255728212210814,0.2522007371336222,-0.10522110053673386,0.2589603364467621,0.01775999553501606,0.5781869888305664,,,,,,
1763596088.567401,,,,,,,0.025804102420806885,0.009012043476104736,0.008021220564842224,-0.10558511316776276,0.11913042515516281,-0.7832686901092529
1763596088.572489,0.03125827159879263,0.21776830617785453,-0.08759893460646272,0.2372577041387558,0.030789176002144814,0.5595928430557251,,,,,,
1763596088.577431,,,,,,,0.02356773614883423,-0.0013989508152008057,0.005396127700805664,-0.020374607294797897,0.1389949470758438,-0.7192287445068359
1763596088.582541,0.009397221423173324,0.1631634402871132,-0.08520210259780288,0.21572470664978027,0.03827745094895363,0.5405840277671814,,,,,,
1763596088.587462,,,,,,,0.020409703254699707,-0.012063026428222656,0.0006799548864364624,0.0360623337328434,0.15551985800266266,-0.6764745116233826
1763596088.592593,0.0023008608208969234,0.13969430189430712,-0.03809080733284354,0.19227825105190277,0.04877090826630592,0.5217007994651794,,,,,,
1763596088.597492,,,,,,,0.01826310157775879,-0.021267831325531006,-0.0022240877151489258,0.07478442788124084,0.1649051010608673,-0.6459746360778809
1763596088.602647,0.04736822916809469,0.13399930512309075,-0.05521159961223602,0.16714173555374146,0.05701552331447601,0.504920482635498,,,,,,
1763596088.607523,,,,,,,0.020547807216644287,-0.03876885771751404,0.00385129451751709,0.05841169133782387,0.16849610209465027,-0.6393541693687439
1763596088.6127,0.09155916174063458,0.1774134994357824,-0.12479995349273085,0.13956336677074432,0.0548277348279953,0.4990258812904358,,,,,,
1763596088.617554,,,,,,,0.017360210418701172,-0.04556199908256531,0.011551469564437866,0.013986434787511826,0.1676763892173767,-0.6219775676727295
1763596088.622752,0.0501888395467773,0.12327683557868004,-0.18839038213267922,0.16498564183712006,0.0546405129134655,0.5125020146369934,,,,,,
1763596088.627584,,,,,,,0.01349186897277832,-0.030873119831085205,0.011724844574928284,-0.027244945988059044,0.16655918955802917,-0.6537871360778809
1763596088.632806,-0.09665843937471508,0.06909340997040271,-0.14777414797544478,0.22341595590114594,-0.006773371249437332,0.5423193573951721,,,,,,
1763596088.637614,,,,,,,0.01615011692047119,0.0010116994380950928,0.010119661688804626,-0.10121291875839233,0.16230718791484833,-0.7001751065254211
1763596088.642859,-0.22988376445062458,0.08678922565877437,0.05321107344478369,0.30518510937690735,-0.1281285583972931,0.5776020288467407,,,,,,
1763596088.647645,,,,,,,0.022338926792144775,0.0229739248752594,0.01548372209072113,-0.19637975096702576,0.16268669068813324,-0.7524538040161133
1763596088.652911,-0.3996917938513681,0.08865969570577144,0.24446005987897515,0.3838617205619812,-0.2629501223564148,0.6073783040046692,,,,,,
1763596088.657676,,,,,,,0.023931145668029785,0.02376765012741089,0.01801156997680664,-0.28777411580085754,0.1556420922279358,-0.8496842384338379
1763596088.662964,-0.5539210362503305,0.09305880744755267,0.4029531702674925,0.4124499559402466,-0.34009337425231934,0.623826265335083,,,,,,
1763596088.667706,,,,,,,0.020041942596435547,0.013033032417297363,0.0242607444524765,-0.36978206038475037,0.17007562518119812,-0.925841748714447
1763596088.673017,-0.5660728810107335,0.13008125489652156,0.406205230866,0.3973211348056793,-0.2793748676776886,0.6362781524658203,,,,,,
1763596088.677737,,,,,,,0.014452099800109863,0.02686131000518799,0.031931519508361816,-0.46880558133125305,0.1994452327489853,-0.9936378002166748
1763596088.683069,-0.6039475979074835,0.09849895267486572,0.29855967966131863,0.3596819043159485,-0.11654096096754074,0.6617981791496277,,,,,,
1763596088.687768,,,,,,,0.017252981662750244,0.05503833293914795,0.028288349509239197,-0.5055676102638245,0.22210793197155,-1.05470609664917
1763596088.693123,-0.6590393705323339,0.06267360605597495,0.25956045224666596,0.2999984323978424,0.04538878798484802,0.7016600966453552,,,,,,
1763596088.697798,,,,,,,0.031873226165771484,0.06918913125991821,0.016467809677124023,-0.501945436000824,0.23557953536510468,-1.1367993354797363
1763596088.703175,-0.6577171820178628,0.10913783558905124,0.22545696098431944,0.2522154450416565,0.1620594710111618,0.7580432295799255,,,,,,
1763596088.707829,,,,,,,0.04122304916381836,0.08502858877182007,0.007913574576377869,-0.4891934096813202,0.24977178871631622,-1.2015355825424194
1763596088.713228,-0.5728416810259223,0.2536807465583086,0.11360519026145338,0.25352033972740173,0.2266378551721573,0.8347685933113098,,,,,,
1763596088.717859,,,,,,,0.0502660870552063,0.11725562810897827,0.012416601181030273,-0.5169057250022888,0.25705820322036743,-1.2769684791564941
1763596088.72328,-0.4929405343804508,0.3921072204738855,0.11895590363964438,0.2952224910259247,0.23233622312545776,0.9181281924247742,,,,,,
1763596088.72789,,,,,,,0.060489773750305176,0.13320320844650269,0.02214910089969635,-0.5308904051780701,0.2754678428173065,-1.3474147319793701
1763596088.733334,-0.4768091915298253,0.4941834471136331,0.24986674122810362,0.34271323680877686,0.19406405091285706,0.9880642890930176,,,,,,
1763596088.737921,,,,,,,0.055818140506744385,0.13140863180160522,0.033727630972862244,-0.5759412050247192,0.3193058669567108,-1.440291166305542
1763596088.743387,-0.4252959349788725,0.5771785411864518,0.2627040840346366,0.38550516963005066,0.18926529586315155,1.0381317138671875,,,,,,
1763596088.747951,,,,,,,0.04826641082763672,0.13432908058166504,0.04394005239009857,-0.5708872079849243,0.3594878911972046,-1.5193603038787842
1763596088.753439,-0.3235072931088507,0.6000514672517776,0.21768420809097586,0.41188350319862366,0.22336441278457642,1.0769894123077393,,,,,,
1763596088.757982,,,,,,,0.0520060658454895,0.13377702236175537,0.04429745674133301,-0.5210618376731873,0.3910847008228302,-1.5860635042190552
1763596088.763493,-0.20822861667722461,0.5769125837266444,0.18398520597629248,0.4129067063331604,0.2826586067676544,1.1060702800750732,,,,,,
1763596088.768012,,,,,,,0.05615866184234619,0.14206939935684204,0.04034045338630676,-0.4540249705314636,0.4235459864139557,-1.6259257793426514
1763596088.773546,-0.08422288230210542,0.5255892237246036,0.09528181725926697,0.403043270111084,0.34850019216537476,1.1319984197616577,,,,,,
1763596088.778043,,,,,,,0.058062732219696045,0.1494545340538025,0.030776023864746094,-0.3824453353881836,0.4563806354999542,-1.6545422077178955
1763596088.783597,0.027422406063228846,0.44349721597135067,-0.03157126937098801,0.3892052173614502,0.40160253643989563,1.1627616882324219,,,,,,
1763596088.788073,,,,,,,0.06352710723876953,0.14034754037857056,0.024071693420410156,-0.319112092256546,0.4809301793575287,-1.6685376167297363
1763596088.79365,0.14394275311902163,0.42301089278161524,-0.050822936199232935,0.3823919892311096,0.43385758996009827,1.2036935091018677,,,,,,
1763596088.798104,,,,,,,0.06915146112442017,0.12821316719055176,0.020119190216064453,-0.29806700348854065,0.5086209177970886,-1.6988545656204224
1763596088.803703,0.25308906427547334,0.4047317242473364,-0.023778350472450256,0.3876277804374695,0.44944483041763306,1.2449357509613037,,,,,,
1763596088.808135,,,,,,,0.07272416353225708,0.1217699646949768,0.020261913537979126,-0.2990483045578003,0.5303128957748413,-1.7453644275665283
1763596088.813756,0.25143662089332935,0.37422026612758635,0.03817980079054832,0.3922632336616516,0.4438474476337433,1.2845368385314941,,,,,,
1763596088.818165,,,,,,,0.07488715648651123,0.11293816566467285,0.025747328996658325,-0.32174617052078247,0.5477741956710815,-1.7995011806488037
1763596088.823809,0.23640023367255925,0.3711497726410627,0.07269589144177735,0.3988058269023895,0.431951105594635,1.3145791292190552,,,,,,
1763596088.828196,,,,,,,0.07456600666046143,0.11596375703811646,0.03513656556606293,-0.3721109628677368,0.5592385530471802,-1.8750979900360107
1763596088.833862,0.1799684446156025,0.35419922236204143,-0.0069803604066371915,0.4153207540512085,0.426501601934433,1.3394345045089722,,,,,,
1763596088.838226,,,,,,,0.0735366940498352,0.10740578174591064,0.04533815383911133,-0.447752445936203,0.5497174859046936,-1.9463939666748047
1763596088.843915,0.13808175213113427,0.3393319080978632,-0.056920778150297696,0.43667665123939514,0.41701462864875793,1.3637893199920654,,,,,,
1763596088.848257,,,,,,,0.07402998208999634,0.08406990766525269,0.05090129375457764,-0.5389688014984131,0.5665766596794128,-1.996096134185791
1763596088.853967,0.13824118047654627,0.342771234896779,-0.08136895417571068,0.45744895935058594,0.3950659930706024,1.3847709894180298,,,,,,
1763596088.858288,,,,,,,0.07146501541137695,0.08999472856521606,0.04862704873085022,-0.631939172744751,0.6139236688613892,-2.056126594543457
1763596088.86402,0.17601269272714853,0.3617822248369455,-0.08993574352357536,0.4734537601470947,0.3783767521381378,1.4086552858352661,,,,,,
1763596088.868318,,,,,,,0.07107442617416382,0.11009639501571655,0.049393415451049805,-0.6326423287391663,0.6428016424179077,-2.0970346927642822
1763596088.874073,0.22480682651251555,0.4128735296487808,-0.02097034384701401,0.48456642031669617,0.368043452501297,1.4436129331588745,,,,,,
1763596088.878349,,,,,,,0.08550727367401123,0.1254669427871704,0.04177767038345337,-0.6113098859786987,0.6569536924362183,-2.160477876663208
1763596088.884126,0.24202187294661998,0.433304323258996,0.03049801411628723,0.4857904016971588,0.3618617355823517,1.4865045547485352,,,,,,
1763596088.888379,,,,,,,0.09578222036361694,0.13207709789276123,0.038450688123703,-0.5996971726417542,0.6868769526481628,-2.204822063446045
1763596088.894179,0.2772095061838627,0.4856447513490915,-0.00543020835518837,0.4800780415534973,0.37346330285072327,1.528714895248413,,,,,,
1763596088.89841,,,,,,,0.09659546613693237,0.12046569585800171,0.049008727073669434,-0.6111660599708557,0.7217190861701965,-2.2336883544921875
1763596088.904232,0.28358547095656395,0.5030559048771858,-0.06931030412409454,0.4819774031639099,0.3994291126728058,1.575650930404663,,,,,,
1763596088.908439,,,,,,,0.10061508417129517,0.117717444896698,0.055841416120529175,-0.5633362531661987,0.7241068482398987,-2.262150526046753
1763596088.914285,0.28298078306168317,0.520191164073348,-0.07400399663196876,0.4871179163455963,0.4160279929637909,1.6138372421264648,,,,,,
1763596088.918471,,,,,,,0.1114351749420166,0.11676996946334839,0.06306332349777222,-0.6053643822669983,0.704949676990509,-2.2890560626983643
1763596088.924337,0.2420613281741738,0.5127683205962181,-0.09950312474872916,0.4983266294002533,0.43822038173675537,1.6454579830169678,,,,,,
1763596088.928502,,,,,,,0.11965888738632202,0.12191498279571533,0.07927080988883972,-0.7094389796257019,0.7167118191719055,-2.2934763431549072
1763596088.93439,0.22576544241160154,0.5224567709177732,-0.13082765281703324,0.5018859505653381,0.4470166862010956,1.6832846403121948,,,,,,
1763596088.938531,,,,,,,0.1355382800102234,0.10849910974502563,0.08171412348747253,-0.8704925775527954,0.7355475425720215,-2.2746827602386475
1763596088.944443,0.21995178769677876,0.5239671754807234,-0.15390578259825705,0.5001943111419678,0.47407013177871704,1.7359342575073242,,,,,,
1763596088.948563,,,,,,,0.1561298966407776,0.08649265766143799,0.07465657591819763,-0.9240105748176575,0.681187629699707,-2.283597469329834
1763596088.954496,0.2579129773005843,0.5813491048693656,-0.3725345049977302,0.5160717964172363,0.5098277926445007,1.800334095954895,,,,,,
1763596088.958592,,,,,,,0.16596317291259766,0.1023138165473938,0.05958962440490723,-0.9590345621109009,0.6775223016738892,-2.315084934234619
1763596088.964549,0.32079321184456344,0.6785773069560528,-0.4618284069538116,0.5426506996154785,0.4921867847442627,1.8793789148330688,,,,,,
1763596088.968623,,,,,,,0.14673838019371033,0.1563098430633545,0.058384984731674194,-0.9443777799606323,0.7584025263786316,-2.2757365703582764
1763596088.974602,0.36416239797174926,0.7518518020033836,-0.3055260846078396,0.5639635920524597,0.4295593798160553,1.966619849205017,,,,,,
1763596088.978654,,,,,,,0.13117384910583496,0.17725688219070435,0.0339091420173645,-0.855115532875061,0.8400726318359375,-2.2526164054870605
1763596088.984655,0.4265563103035092,0.8074047623991966,-0.014433005366986617,0.5620660781860352,0.36490315198898315,2.045907974243164,,,,,,
1763596088.988684,,,,,,,0.1323683261871338,0.1613398790359497,0.0028304755687713623,-0.7109172940254211,0.9313881397247314,-2.2678279876708984
1763596088.994707,0.552696426358819,0.8305757946282625,0.2672048295199871,0.522309422492981,0.32567042112350464,2.1125190258026123,,,,,,
1763596088.998715,,,,,,,0.12491193413734436,0.1444147229194641,-0.004057347774505615,-0.5745722651481628,1.0452306270599365,-2.3103671073913574
1763596089.00476,0.6286766732335091,0.7252963880330324,0.5241980616271495,0.45720499753952026,0.3076317608356476,2.1520683765411377,,,,,,
1763596089.008745,,,,,,,0.10728496313095093,0.10663259029388428,0.015484094619750977,-0.5416472554206848,1.1690125465393066,-2.3500752449035645
1763596089.014813,0.4661678974628448,0.4670663076072931,0.5413070173382759,0.41182202100753784,0.3083456754684448,2.1641762256622314,,,,,,
1763596089.018776,,,,,,,0.11102926731109619,0.09868067502975464,0.05932018160820007,-0.5373212099075317,1.2428067922592163,-2.367858409881592
1763596089.024866,0.13598141885101794,0.1646089629203081,0.2951327008873224,0.4005693793296814,0.32275497913360596,2.148958206176758,,,,,,
1763596089.028806,,,,,,,0.13261857628822327,0.10160815715789795,0.08904942870140076,-0.5253645777702332,1.2868618965148926,-2.407366991043091
1763596089.034919,-0.15289455972909927,-0.004349427381157875,-0.014458733463287353,0.4181397557258606,0.35493698716163635,2.118027448654175,,,,,,
1763596089.038837,,,,,,,0.13578346371650696,0.07455480098724365,0.09384077787399292,-0.6043646335601807,1.3451718091964722,-2.458207845687866
1763596089.044972,-0.24647183809280393,0.06494272003173827,-0.03740530472013633,0.4285609722137451,0.39070430397987366,2.0860230922698975,,,,,,
1763596089.048868,,,,,,,0.13010716438293457,0.0465703010559082,0.1008639931678772,-0.7756968140602112,1.4014939069747925,-2.513198137283325
1763596089.055025,-0.20763912635147572,0.26283786648213864,0.07674363246262073,0.41914528608322144,0.4099946916103363,2.059645652770996,,,,,,
1763596089.058898,,,,,,,0.13782954216003418,0.02744579315185547,0.11090987920761108,-0.9345964193344116,1.4561753273010254,-2.5419585704803467
1763596089.065077,-0.13582301341891287,0.42633565329015255,0.14623510183990002,0.4008120894432068,0.4201565086841583,2.0440220832824707,,,,,,
1763596089.068929,,,,,,,0.1429620087146759,0.024789750576019287,0.10264116525650024,-0.9873955845832825,1.526585578918457,-2.572392702102661
1763596089.07513,-0.01253916357755661,0.5594102447837591,0.0672404801466735,0.37020719051361084,0.44524306058883667,2.045012950897217,,,,,,
1763596089.078959,,,,,,,0.14478132128715515,0.07384723424911499,0.07677251100540161,-0.9475756883621216,1.6067405939102173,-2.572502613067627
1763596089.085183,0.0926525647342205,0.65318099989295,0.04689619120955467,0.3329809904098511,0.4570464491844177,2.064655303955078,,,,,,
1763596089.08899,,,,,,,0.1637241542339325,0.13204437494277954,0.06654924154281616,-0.9016672372817993,1.6672276258468628,-2.5954208374023438
1763596089.095236,0.128176298058033,0.6634159781813621,0.03297288436379749,0.3129604160785675,0.4655691981315613,2.095561981201172,,,,,,
1763596089.099021,,,,,,,0.16977281868457794,0.13072049617767334,0.08631211519241333,-0.9612597227096558,1.756344199180603,-2.6248579025268555
1763596089.105289,0.18861936858296394,0.6099667120665312,-0.11984744565188885,0.31430795788764954,0.5016525983810425,2.1361498832702637,,,,,,
1763596089.109051,,,,,,,0.1723560392856598,0.10673928260803223,0.11529356241226196,-1.0087504386901855,1.8225493431091309,-2.66823673248291
1763596089.115342,0.1294476331681013,0.4900076227337122,-0.1783808831632137,0.3030504286289215,0.5116936564445496,2.169689893722534,,,,,,
1763596089.119082,,,,,,,0.1704716980457306,0.0884404182434082,0.10782212018966675,-1.0260883569717407,1.8853585720062256,-2.684250593185425
1763596089.125395,0.10723521683812141,0.36940146766901016,-0.0771802703142166,0.28609809279441833,0.5324152112007141,2.199061632156372,,,,,,
1763596089.129112,,,,,,,0.16645601391792297,0.1122177243232727,0.11017483472824097,-0.9866658449172974,1.9345208406448364,-2.6935925483703613
1763596089.135448,0.1755588114798069,0.34301381148099896,-0.0633949060678482,0.2511368691921234,0.5696131587028503,2.2206296920776367,,,,,,
1763596089.139143,,,,,,,0.16216161847114563,0.10253292322158813,0.11186408996582031,-0.9264994263648987,1.9845664501190186,-2.682281970977783
1763596089.1455,0.2561228790134191,0.29636253494322295,-0.03941548006534576,0.20604369044303894,0.5850802659988403,2.2355644702911377,,,,,,
1763596089.149173,,,,,,,0.1674560159444809,0.08935564756393433,0.08027023077011108,-0.8287214636802673,2.0231213569641113,-2.6534385681152344
1763596089.155553,0.26531974642574785,0.24008067575097083,-0.004410802179574966,0.16612300276756287,0.5624805092811584,2.2511794567108154,,,,,,
1763596089.159205,,,,,,,0.18261829018592834,0.11431586742401123,0.06615281105041504,-0.6562048196792603,2.0368571281433105,-2.5934596061706543
1763596089.165606,0.23279051874279974,0.12923194459080695,0.12216741303205489,0.1306835263967514,0.5224574208259583,2.259249687194824,,,,,,
1763596089.169235,,,,,,,0.19381381571292877,0.11746805906295776,0.048671841621398926,-0.4649597108364105,2.0507984161376953,-2.5383074283599854
1763596089.175659,0.16325696378946303,0.020321488016843796,0.08575871356725692,0.09090925008058548,0.5294732451438904,2.2578296661376953,,,,,,
1763596089.179265,,,,,,,0.19641050696372986,0.07547062635421753,0.016864895820617676,-0.42074352502822876,2.0638539791107178,-2.4958300590515137
1763596089.185712,0.10435469296574593,-0.013258710023760795,0.011416881549358368,0.056517720222473145,0.5638375878334045,2.2523412704467773,,,,,,
1763596089.189296,,,,,,,0.20431530475616455,0.03650546073913574,0.03891724348068237,-0.42999032139778137,2.060826301574707,-2.4636075496673584
1763596089.195765,0.027387773141264914,0.011060907718539237,0.011378303104639052,0.0408501997590065,0.5785216689109802,2.246720314025879,,,,,,
1763596089.199327,,,,,,,0.2145587056875229,-0.021069586277008057,0.027019262313842773,-0.4932776987552643,2.0687384605407715,-2.4496567249298096
1763596089.205818,-0.09985796606838702,-0.004354688078165054,-0.0011211312507279218,0.014279044233262539,0.5625941157341003,2.237067461013794,,,,,,
1763596089.209358,,,,,,,0.21936148405075073,-0.03263235092163086,0.017176806926727295,-0.5278932452201843,2.0708796977996826,-2.421009063720703
1763596089.21587,-0.23923896422982213,-0.03168926972746849,0.10274839028026908,-0.01039963774383068,0.5198681950569153,2.2168149948120117,,,,,,
1763596089.219388,,,,,,,0.23248589038848877,-0.011713922023773193,0.01350867748260498,-0.48325228691101074,2.0554733276367188,-2.387855291366577
1763596089.225923,-0.3887222542107105,0.018420622831583022,0.1091173407902941,-0.015590671449899673,0.45467936992645264,2.1897034645080566,,,,,,
1763596089.229419,,,,,,,0.24243488907814026,-0.007119417190551758,-0.00764840841293335,-0.43914875388145447,2.0322821140289307,-2.3725178241729736
1763596089.235976,-0.4419844733208418,0.16085107169151305,0.05138999549746513,-0.02434845268726349,0.3872368633747101,2.1460487842559814,,,,,,
1763596089.23945,,,,,,,0.24881064891815186,0.01216953992843628,0.021861016750335693,-0.32314038276672363,2.0122673511505127,-2.3158602714538574
1763596089.246029,-0.5401414806902408,0.17661153540313243,-0.0033668460845947264,-0.04861703887581825,0.36752548813819885,2.097679853439331,,,,,,
1763596089.24948,,,,,,,0.2476586103439331,0.012383699417114258,-0.013873159885406494,-0.19780297577381134,2.00984263420105,-2.296579122543335
1763596089.256082,-0.6339022989273071,0.08094459128379822,-0.04234514030907303,-0.09389503300189972,0.4251627027988434,2.0501840114593506,,,,,,
1763596089.259511,,,,,,,0.2351500689983368,0.014836311340332031,-0.03905034065246582,-0.10861050337553024,2.0120224952697754,-2.228792905807495
1763596089.266135,-0.7299830845445394,0.04669920733273029,0.044378070908784865,-0.1414170116186142,0.4715714752674103,1.9946987628936768,,,,,,
1763596089.269541,,,,,,,0.23833975195884705,-0.007967114448547363,-0.036424338817596436,-0.03736931458115578,1.9780129194259644,-2.2024831771850586
1763596089.276188,-0.7826730567246675,0.07960135998129844,0.06183781281895935,-0.17395560443401337,0.4476126432418823,1.96192467212677,,,,,,
1763596089.279572,,,,,,,0.24238786101341248,-0.05537402629852295,-0.052561432123184204,-0.04046870023012161,1.9091951847076416,-2.143908977508545
1763596089.286241,-0.6307891353428363,0.2614692084774375,0.0705014866700396,-0.1932331621646881,0.3986291289329529,1.9468685388565063,,,,,,
1763596089.289603,,,,,,,0.2599148154258728,-0.04716193675994873,-0.0448017418384552,-0.00044795568101108074,1.8366813659667969,-2.065899610519409
1763596089.296293,-0.45614510062038893,0.4129132771372795,0.09073416389226913,-0.23067590594291687,0.4244286119937897,1.9391019344329834,,,,,,
1763596089.299633,,,,,,,0.2569120526313782,-0.06507086753845215,-0.0541970431804657,-0.017279399558901787,1.7813440561294556,-2.002206802368164
1763596089.306346,-0.3282593099415302,0.46109015580713747,0.1791747369546443,-0.30031225085258484,0.49499332904815674,1.950409173965454,,,,,,
1763596089.309664,,,,,,,0.23906618356704712,-0.06182861328125,-0.03626251220703125,-0.008495613001286983,1.7469011545181274,-1.9423420429229736
1763596089.316399,-0.3276221810817718,0.5515253367528319,0.23267938651852307,-0.370655357837677,0.5235829949378967,1.9964195489883423,,,,,,
1763596089.319694,,,,,,,0.22328895330429077,-0.06796741485595703,-0.06271779537200928,0.009251691401004791,1.722590446472168,-1.8757706880569458
1763596089.326452,-0.35703707613646984,0.6980906934604049,0.18178623462729154,-0.4143674373626709,0.5082170963287354,2.071791172027588,,,,,,
1763596089.329725,,,,,,,0.2190660834312439,-0.06722670793533325,-0.08047974109649658,0.017726777121424675,1.6897307634353638,-1.8245878219604492
1763596089.336505,-0.34454935048520563,0.9219801128670573,0.05009001881480217,-0.42101529240608215,0.5077337622642517,2.1693687438964844,,,,,,
1763596089.339756,,,,,,,0.2102075219154358,-0.09664642810821533,-0.0934445858001709,-0.05196734890341759,1.6606371402740479,-1.7667309045791626
1763596089.346558,-0.2713578575462103,1.0410010445669293,-0.03366729180216789,-0.42606812715530396,0.5181959867477417,2.267449378967285,,,,,,
1763596089.349786,,,,,,,0.20339250564575195,-0.13217252492904663,-0.08861896395683289,-0.14963260293006897,1.633073091506958,-1.7104827165603638
1763596089.356611,-0.33593291330933567,0.9280454042553901,-0.06936988882422447,-0.4192107617855072,0.5410348773002625,2.3087284564971924,,,,,,
1763596089.359817,,,,,,,0.2009156346321106,-0.1442769169807434,-0.0798821747303009,-0.18770888447761536,1.5748742818832397,-1.6358095407485962
1763596089.366664,-0.606498159173131,0.4743067802548408,-0.06386822266802192,-0.40379399061203003,0.5094817280769348,2.2569618225097656,,,,,,
1763596089.369847,,,,,,,0.19531965255737305,-0.11978787183761597,-0.07928767800331116,-0.11734915524721146,1.5373103618621826,-1.5405257940292358
1763596089.376716,-0.8994353958427905,0.05839607486724853,0.09959668478369713,-0.3686555027961731,0.4204404950141907,2.1415882110595703,,,,,,
1763596089.379878,,,,,,,0.17685145139694214,-0.10256963968276978,-0.1117510199546814,-0.06421908736228943,1.5027787685394287,-1.4714958667755127
1763596089.386769,-1.061973397707939,-0.1003654771991074,0.10111527265310287,-0.32952916622161865,0.33914563059806824,1.9971834421157837,,,,,,
1763596089.389908,,,,,,,0.1789647936820984,-0.09577363729476929,-0.0962374210357666,-0.061011847108602524,1.4737052917480469,-1.379440188407898
1763596089.396822,-1.1715583925426005,-0.19445508899912237,0.02508198041692376,-0.2941651940345764,0.29374828934669495,1.848625898361206,,,,,,
1763596089.399939,,,,,,,0.18447887897491455,-0.14449143409729004,-0.09536069631576538,-0.06680555641651154,1.4218779802322388,-1.3190860748291016
1763596089.406875,-1.2516887448340654,-0.26349443069472905,-0.1347450089238584,-0.2784765064716339,0.29174721240997314,1.7089319229125977,,,,,,
1763596089.40997,,,,,,,0.18733233213424683,-0.1402806043624878,-0.09759122133255005,-0.08460360765457153,1.361400842666626,-1.2393983602523804
1763596089.416928,-1.1645645881325006,-0.18306114993393421,-0.16823109894022345,-0.2641368508338928,0.2756408154964447,1.5844048261642456,,,,,,
1763596089.42,,,,,,,0.19226640462875366,-0.09819173812866211,-0.08046513795852661,-0.10430540144443512,1.3201626539230347,-1.172028660774231
1763596089.426981,-1.0262199472814797,-0.01632628090083599,-0.058883712253719564,-0.24794615805149078,0.21498040854930878,1.4819657802581787,,,,,,
1763596089.430031,,,,,,,0.1740322709083557,-0.13871031999588013,-0.10694387555122375,-0.16294421255588531,1.2843036651611328,-1.110925316810608
1763596089.437034,-0.8624117793500423,0.15286562589555977,-0.1357679222308099,-0.2207595407962799,0.1745498925447464,1.3968509435653687,,,,,,
1763596089.440061,,,,,,,0.1705559492111206,-0.13398653268814087,-0.09659436345100403,-0.22243469953536987,1.2094826698303223,-1.0681298971176147
1763596089.447087,-0.6890268047779798,0.3486832354195416,-0.3858813316963613,-0.1834837943315506,0.15905603766441345,1.3374643325805664,,,,,,
1763596089.450092,,,,,,,0.17240244150161743,-0.1051863431930542,-0.05804872512817383,-0.30137091875076294,1.1590930223464966,-1.0274404287338257
1763596089.457139,-0.5998708499878644,0.5414220220200717,-0.3207239460006356,-0.1645873636007309,0.12122394144535065,1.3042781352996826,,,,,,
1763596089.460121,,,,,,,0.154360830783844,-0.13006114959716797,-0.05220934748649597,-0.3876786530017853,1.1166502237319946,-1.0090388059616089
1763596089.467192,-0.6492348926156759,0.5419404929362237,-0.28365108353868124,-0.15335948765277863,0.0956466794013977,1.2705097198486328,,,,,,
1763596089.470153,,,,,,,0.14963680505752563,-0.11071354150772095,-0.048940509557724,-0.4086264669895172,1.0639872550964355,-0.9787625074386597
1763596089.477245,-0.6754582981526851,0.5261427659541368,-0.34520343047976493,-0.1342538446187973,0.08637817203998566,1.22366201877594,,,,,,
1763596089.480184,,,,,,,0.14564067125320435,-0.08912676572799683,-0.04586264491081238,-0.4297296404838562,1.0403751134872437,-0.952281653881073
1763596089.487298,-0.7841513125836849,0.4495790201030671,-0.34622722056955096,-0.1197018027305603,0.055509209632873535,1.1659893989562988,,,,,,
1763596089.490213,,,,,,,0.13543701171875,-0.09363758563995361,-0.06353852152824402,-0.4316597282886505,0.9823413491249084,-0.9167822003364563
1763596089.497351,-0.7554553794533014,0.42792979061380026,-0.3980021237313747,-0.10227252542972565,0.04879637062549591,1.1032745838165283,,,,,,
1763596089.500245,,,,,,,0.14492446184158325,-0.07044488191604614,-0.05574449896812439,-0.4817846715450287,0.904602587223053,-0.8948326706886292
1763596089.507404,-0.6241185715377331,0.4676589397381991,-0.3993092608071863,-0.09230830520391464,0.009464946575462818,1.0417441129684448,,,,,,
1763596089.510274,,,,,,,0.1431151032447815,-0.05925476551055908,-0.01638171076774597,-0.4983068108558655,0.8803971409797668,-0.8562327027320862
1763596089.517457,-0.5569587599784136,0.43002844339348373,-0.29668241454735395,-0.10278548300266266,-0.038660190999507904,0.9719135761260986,,,,,,
1763596089.520305,,,,,,,0.11761152744293213,-0.08114993572235107,-0.05042612552642822,-0.5108388662338257,0.8308314681053162,-0.8321025967597961
1763596089.52751,-0.3594681026756763,0.43898393979799,-0.33876799060478807,-0.10002858191728592,-0.05706369876861572,0.9215353727340698,,,,,,
1763596089.530337,,,,,,,0.10956096649169922,-0.03362321853637695,-0.0300883948802948,-0.4810405671596527,0.81321120262146,-0.7960187196731567
1763596089.537562,-0.2609861011356115,0.4810066797522828,-0.3935948286831379,-0.07927997410297394,-0.056828420609235764,0.8949385285377502,,,,,,
1763596089.540366,,,,,,,0.0841187834739685,-0.04986843466758728,-0.029087096452713013,-0.5293726921081543,0.7790441513061523,-0.7910199761390686
1763596089.547615,-0.1018242977052927,0.5495238242046907,-0.622875731869787,-0.04600030928850174,-0.06717826426029205,0.8985857367515564,,,,,,
1763596089.550397,,,,,,,0.08458089828491211,-0.034853577613830566,0.02400931715965271,-0.5513336658477783,0.7600025534629822,-0.7483748197555542
1763596089.557668,-0.009372808501124381,0.5336598635859787,-0.622081074360758,-0.026359902694821358,-0.09423042833805084,0.9195569753646851,,,,,,
1763596089.560427,,,,,,,0.07345539331436157,-0.0316237211227417,0.013776034116744995,-0.5286350250244141,0.7589104175567627,-0.7506949305534363
1763596089.567721,-0.040272389155626295,0.3720006173167377,-0.4943453596770763,-0.0206503514200449,-0.10623382776975632,0.9318509101867676,,,,,,
1763596089.570458,,,,,,,0.04699265956878662,-0.0024428367614746094,-0.00489082932472229,-0.4528270661830902,0.7950348258018494,-0.7220156192779541
1763596089.577774,-0.07148468902111053,0.17349619812788442,-0.3095066786766052,-0.025127863511443138,-0.13565488159656525,0.9151185154914856,,,,,,
1763596089.580488,,,,,,,0.033723652362823486,0.006913512945175171,0.007890701293945312,-0.3554624319076538,0.818751335144043,-0.7115448713302612
1763596089.587827,-0.30160686533749104,-0.015290927095775259,-0.2972949934877455,-0.02218453772366047,-0.14292238652706146,0.8803836703300476,,,,,,
1763596089.59052,,,,,,,0.03460216522216797,-0.017429858446121216,-0.025758445262908936,-0.22333097457885742,0.7829023003578186,-0.6731860637664795
1763596089.59788,-0.4650310023874044,-0.14421461059665305,-0.6100115741215646,0.0266917385160923,-0.10907191783189774,0.8238363862037659,,,,,,
1763596089.60055,,,,,,,0.0549660325050354,-0.00939643383026123,-0.041642189025878906,-0.062263522297143936,0.7481264472007751,-0.6071410179138184
1763596089.607933,-0.5964163256198167,-0.2133382147759199,-0.5475822982154787,0.066757932305336,-0.10077270865440369,0.7534469366073608,,,,,,
1763596089.61058,,,,,,,0.049772679805755615,-0.015617668628692627,-0.05126696825027466,0.09251430630683899,0.712268054485321,-0.5550563335418701
1763596089.617986,-0.689218527957797,-0.292468450114131,-0.21915961440578102,0.07112105190753937,-0.08183049410581589,0.6665694713592529,,,,,,
1763596089.620611,,,,,,,0.042950332164764404,-0.03181561827659607,-0.07203426957130432,0.18058185279369354,0.6777457594871521,-0.490917831659317
1763596089.628038,-0.5726093335747718,-0.29579258956816046,-0.11836714396625757,0.06787598133087158,-0.06387919187545776,0.5825557708740234,,,,,,
1763596089.630642,,,,,,,0.040527164936065674,-0.06959226727485657,-0.05417695641517639,0.15656886994838715,0.6739630103111267,-0.45515990257263184
1763596089.638091,-0.3842512462764978,-0.16961393160074947,-0.15901698813214898,0.07695281505584717,-0.043294962495565414,0.5359963774681091,,,,,,
1763596089.640673,,,,,,,0.03405499458312988,-0.13383474946022034,-0.045815467834472656,0.05237322673201561,0.6349218487739563,-0.4475427269935608
1763596089.648144,-0.10075111551582813,0.13771277268826962,-0.5135130014836787,0.15260683000087738,-0.03771404176950455,0.5287967920303345,,,,,,
1763596089.650704,,,,,,,0.04984956979751587,-0.1233690083026886,-0.010111451148986816,-0.03133927285671234,0.5987529754638672,-0.43151548504829407
1763596089.658197,-0.009293898046016692,0.40751634999718517,-0.5401718758285046,0.21469621360301971,-0.10081693530082703,0.5592333674430847,,,,,,
1763596089.660734,,,,,,,0.04337036609649658,-0.09464409947395325,0.025767087936401367,-0.031294796615839005,0.6151342988014221,-0.42903023958206177
1763596089.66825,-0.11886720244288444,0.4599919122416526,-0.04981529352664947,0.20774349570274353,-0.1317381113767624,0.5891199111938477,,,,,,
1763596089.670765,,,,,,,0.027211368083953857,-0.055441707372665405,0.0070715248584747314,0.03271392732858658,0.6239115595817566,-0.4223519265651703
1763596089.678303,-0.24750059661865234,0.46889670137222855,0.25366174959689375,0.17134420573711395,-0.13895699381828308,0.5907975435256958,,,,,,
1763596089.680795,,,,,,,0.04221808910369873,0.0012453198432922363,0.010581374168395996,0.10193640738725662,0.6322227716445923,-0.3969395160675049
1763596089.688356,-0.43204935476183887,0.42632505883090194,0.23522212980389592,0.14998511970043182,-0.14490170776844025,0.5731061697006226,,,,,,
1763596089.690826,,,,,,,0.04495030641555786,-0.0043114423751831055,0.0017506927251815796,0.14455755054950714,0.6310842633247375,-0.3613756000995636
1763596089.698409,-0.5365811578601598,0.3185890528637916,0.033240517757460473,0.16324925422668457,-0.14988082647323608,0.537129819393158,,,,,,
1763596089.700856,,,,,,,0.05312913656234741,0.0007144808769226074,-0.023346662521362305,0.21094536781311035,0.5953220129013062,-0.32458457350730896
1763596089.708462,-0.427992772847414,0.21939320396594703,0.15959683384671805,0.1774444431066513,-0.140531525015831,0.4987376630306244,,,,,,
1763596089.710887,,,,,,,0.05892902612686157,0.00047516822814941406,-0.045571938157081604,0.2715236246585846,0.592196524143219,-0.2796033024787903
1763596089.718514,-0.36997020746767517,0.09719912212267517,0.4152010958135128,0.15407222509384155,-0.12351454049348831,0.4598802328109741,,,,,,
1763596089.720918,,,,,,,0.053339362144470215,-0.018404901027679443,-0.06862057745456696,0.323201984167099,0.5729352235794067,-0.2128772884607315
1763596089.728567,-0.5626590174466372,-0.10043313560783862,0.6870284705676138,0.09443605691194534,-0.09359152615070343,0.3911648392677307,,,,,,
1763596089.730948,,,,,,,0.07701992988586426,-0.019071847200393677,-0.11234068870544434,0.4094407558441162,0.5221492648124695,-0.142851322889328
1763596089.73862,-0.7506167072504758,-0.16233824150934814,0.8103449075043201,0.03465762361884117,-0.05239204317331314,0.2943546772003174,,,,,,
1763596089.740979,,,,,,,0.10002017021179199,-0.04501485824584961,-0.14538848400115967,0.4233959913253784,0.44710537791252136,-0.08497657626867294
1763596089.748673,-0.8059615778535604,-0.08233304996751248,0.7773872252762317,-0.02209274098277092,-0.03486737608909607,0.1908370703458786,,,,,,
1763596089.751009,,,,,,,0.11457008123397827,-0.06849706172943115,-0.15201081335544586,0.40719351172447205,0.3471470773220062,-0.03355506435036659
1763596089.758726,-0.8595265793025493,0.04613813938386738,0.5437514878809452,-0.0438634492456913,-0.013758129440248013,0.09318217635154724,,,,,,
1763596089.76104,,,,,,,0.12070858478546143,-0.07973730564117432,-0.1537623554468155,0.35437023639678955,0.225245401263237,-0.012138189747929573
1763596089.768779,-0.7768395282655954,0.16988405377902088,0.32966464669480916,-0.04128390923142433,-0.013884629122912884,0.03416626155376434,,,,,,
1763596089.77107,,,,,,,0.11581403017044067,-0.07654085755348206,-0.1289461851119995,0.2994038760662079,0.12007904052734375,-0.013957262970507145
1763596089.778832,-0.8087941709309816,0.14644253404550253,0.40034284163862466,-0.059211090207099915,-0.026765305548906326,0.003663488430902362,,,,,,
1763596089.781101,,,,,,,0.10528784990310669,-0.08151957392692566,-0.13826490938663483,0.29466238617897034,0.015702035278081894,0.002504535485059023
1763596089.788885,-1.0161889671325683,-0.09458367892727255,0.44478133749775584,-0.10145627707242966,-0.02546808123588562,-0.038605935871601105,,,,,,
1763596089.791132,,,,,,,0.11374413967132568,-0.04600819945335388,-0.15989099442958832,0.3610016703605652,-0.0762992650270462,0.043864890933036804
1763596089.798938,-1.195107025912404,-0.24054792793653904,0.5919381572924554,-0.15240852534770966,-0.01450913492590189,-0.10982569307088852,,,,,,
1763596089.801162,,,,,,,0.12443101406097412,-0.04523897171020508,-0.19705317914485931,0.4230663776397705,-0.15025365352630615,0.10481692850589752
1763596089.80899,-1.3992162245720625,-0.2707694631990045,0.6047101067125797,-0.19104647636413574,0.00953095406293869,-0.19776113331317902,,,,,,
1763596089.811193,,,,,,,0.12597304582595825,-0.09525281190872192,-0.2133457511663437,0.40984854102134705,-0.24138276278972626,0.1632811725139618
1763596089.819043,-1.5218085850179195,-0.23391375061906872,0.43703897974267597,-0.2158239185810089,0.056294213980436325,-0.2927212715148926,,,,,,
1763596089.821223,,,,,,,0.13672888278961182,-0.13749927282333374,-0.2238164097070694,0.34287190437316895,-0.33722272515296936,0.23996077477931976
1763596089.829096,-1.5015122314423321,-0.1308168026294559,0.41005394218340513,-0.2375481277704239,0.10272429883480072,-0.390125572681427,,,,,,
1763596089.831254,,,,,,,0.14644110202789307,-0.18840724229812622,-0.23645831644535065,0.2873615026473999,-0.4382430911064148,0.31912001967430115
1763596089.839149,-1.4871300703465937,-0.12081950555443763,0.37025969193354247,-0.25671273469924927,0.12934713065624237,-0.4968985319137573,,,,,,
1763596089.841285,,,,,,,0.1555665135383606,-0.20767641067504883,-0.24161005020141602,0.2738182842731476,-0.555529773235321,0.42071667313575745
1763596089.849202,-1.4324246666908262,-0.15105740742981433,0.200458274936676,-0.26572859287261963,0.14034518599510193,-0.6095103025436401,,,,,,
1763596089.851315,,,,,,,0.1631966233253479,-0.1892164945602417,-0.2355027049779892,0.30893829464912415,-0.6889991760253906,0.5160056948661804
1763596089.859255,-1.2847013721197842,-0.11350772123634814,0.023843963054567575,-0.2635799050331116,0.1383344978094101,-0.7242059111595154,,,,,,
1763596089.861346,,,,,,,0.1554819941520691,-0.1690424084663391,-0.21104717254638672,0.3056170642375946,-0.7941617965698242,0.5901228189468384
1763596089.869308,-1.1319067656338213,-0.04838211891837418,-0.0869277573466301,-0.24490904808044434,0.12530525028705597,-0.8242962956428528,,,,,,
1763596089.871376,,,,,,,0.13574230670928955,-0.17517057061195374,-0.18379727005958557,0.26501449942588806,-0.8755418658256531,0.6480804085731506
1763596089.879361,-1.008955508747697,0.008947130434960126,-0.2828197472810745,-0.21640481054782867,0.12100008875131607,-0.8885670304298401,,,,,,
1763596089.881407,,,,,,,0.11580532789230347,-0.17779114842414856,-0.15836180746555328,0.21399444341659546,-0.9327026009559631,0.6968421339988708
1763596089.889414,-0.7960539318233728,0.060463346127979455,-0.4447031576950103,-0.18153046071529388,0.11052054911851883,-0.9198631644248962,,,,,,
1763596089.891437,,,,,,,0.10473853349685669,-0.15597352385520935,-0.13592886924743652,0.16861817240715027,-0.9836824536323547,0.7398865222930908
1763596089.899466,-0.627455022484064,0.052633145692665126,-0.39089557966180144,-0.15095210075378418,0.07480175793170929,-0.9404363632202148,,,,,,
1763596089.901468,,,,,,,0.09447026252746582,-0.14593973755836487,-0.11642193794250488,0.1358511745929718,-1.0120666027069092,0.7892516851425171
1763596089.909519,-0.5538192929089069,0.0019691629148088394,-0.3164344321131706,-0.13820940256118774,0.04320627450942993,-0.9657419919967651,,,,,,
1763596089.911499,,,,,,,0.09066420793533325,-0.1428341567516327,-0.11407825350761414,0.1434296816587448,-1.0407613515853882,0.8399604558944702
1763596089.919573,-0.5768973861575126,-0.09751232539084739,-0.23175014284439382,-0.13945597410202026,0.027854762971401215,-1.010172963142395,,,,,,
1763596089.921529,,,,,,,0.09670037031173706,-0.1273149847984314,-0.13012301921844482,0.19417542219161987,-1.0735539197921753,0.895777702331543
1763596089.929625,-0.6929927857995033,-0.19227590006282552,-0.16789689854979514,-0.1403675675392151,0.023086905479431152,-1.0751525163650513,,,,,,
1763596089.93156,,,,,,,0.1062195897102356,-0.1265895962715149,-0.15146899223327637,0.2046939730644226,-1.1229020357131958,0.956462562084198
1763596089.939678,-0.7686451158940791,-0.2549928155375644,-0.22517288334593175,-0.13317126035690308,0.019606998190283775,-1.1647303104400635,,,,,,
1763596089.94159,,,,,,,0.11289238929748535,-0.1512046754360199,-0.14710542559623718,0.15996751189231873,-1.166818380355835,1.0225749015808105
1763596089.949731,-0.7919535107672214,-0.23240694451900198,-0.2624574888624251,-0.10866379737854004,0.010570627637207508,-1.2573598623275757,,,,,,
1763596089.951621,,,,,,,0.10565400123596191,-0.18381619453430176,-0.141029953956604,0.15308208763599396,-1.224942922592163,1.076583743095398
1763596089.959784,-0.7528887438356876,-0.18106544607207178,-0.2777075188338756,-0.057491544634103775,0.005706136580556631,-1.331721305847168,,,,,,
1763596089.961652,,,,,,,0.11018776893615723,-0.1710413694381714,-0.13284984230995178,0.20406749844551086,-1.3103548288345337,1.1589652299880981
1763596089.969837,-0.730235598000884,-0.10836027534529566,-0.3506289626598358,-0.004882660694420338,-0.010364709421992302,-1.3930115699768066,,,,,,
1763596089.971682,,,,,,,0.11919736862182617,-0.12883585691452026,-0.10294297337532043,0.2913796603679657,-1.3852593898773193,1.2194523811340332
1763596089.97989,-0.735897861546278,-0.07780307838767767,-0.2418472470320761,0.01702367514371872,-0.025987286120653152,-1.4368889331817627,,,,,,
1763596089.981713,,,,,,,0.11615538597106934,-0.10457265377044678,-0.08688881993293762,0.37661680579185486,-1.407034158706665,1.2825947999954224
1763596089.989942,-0.7670902876675129,-0.04902845399789512,-0.005187120314314961,0.01293572410941124,-0.0011045732535421848,-1.472352385520935,,,,,,
1763596089.991743,,,,,,,0.11936742067337036,-0.09082484245300293,-0.08998721837997437,0.39991864562034607,-1.4314374923706055,1.3398102521896362
1763596089.999995,-0.8515484400302171,-0.00876096021309495,0.1594856285572052,0.00950784981250763,0.055673059076070786,-1.4940102100372314,,,,,,
1763596090.001774,,,,,,,0.13461142778396606,-0.0961083173751831,-0.08900773525238037,0.4158100187778473,-1.425412654876709,1.4361143112182617
1763596090.010048,-0.9801625449836253,-0.011610358294844627,0.173383074875921,0.01492232270538807,0.09933505952358246,-1.5309088230133057,,,,,,
1763596090.011804,,,,,,,0.14881354570388794,-0.09189713001251221,-0.1040773093700409,0.5485290288925171,-1.4400368928909302,1.5379608869552612
1763596090.020101,-1.0850088208585977,-0.05676489346884191,0.32516821205839513,0.009809148497879505,0.08420432358980179,-1.5897012948989868,,,,,,
1763596090.021835,,,,,,,0.1647387146949768,-0.03971821069717407,-0.12907889485359192,0.7620048522949219,-1.472771167755127,1.6462769508361816
1763596090.030154,-0.9985270537137985,0.03264087136387825,0.6051670566998422,-0.0057594249956309795,0.048733945935964584,-1.6682040691375732,,,,,,
1763596090.031866,,,,,,,0.15910440683364868,-0.015422821044921875,-0.1322021484375,0.8607019782066345,-1.4558725357055664,1.736997127532959
1763596090.040207,-0.7054156295210122,0.15462226030454038,0.48154433029294014,-0.00856501329690218,0.07738298177719116,-1.7670845985412598,,,,,,
1763596090.041896,,,,,,,0.12867224216461182,-0.044460833072662354,-0.08769956231117249,0.7132920026779175,-1.470464825630188,1.7760694026947021
1763596090.05026,-0.3234855196684599,0.36056057408750053,0.07567088866457343,0.04404227063059807,0.15066438913345337,-1.8486449718475342,,,,,,
1763596090.051927,,,,,,,0.10726046562194824,-0.11701512336730957,0.004087716341018677,0.3830624520778656,-1.4959962368011475,1.7640138864517212
1763596090.060313,0.03379880922734737,0.6048688044056296,-0.0527474014557898,0.13751135766506195,0.1491447538137436,-1.8482398986816406,,,,,,
1763596090.061957,,,,,,,0.07893294095993042,-0.1825772523880005,0.0848778486251831,0.0985385999083519,-1.4969528913497925,1.7046149969100952
1763596090.070366,0.21506664600372313,0.6900074863784015,-0.012145341954380273,0.226755753159523,0.07094848155975342,-1.7671077251434326,,,,,,
1763596090.071988,,,,,,,0.0642707347869873,-0.15578913688659668,0.07082676887512207,0.10968106240034103,-1.517304539680481,1.703916311264038
1763596090.080418,0.24279870253801344,0.5988092121057212,0.01688902935013175,0.252587229013443,0.02297094278037548,-1.6494947671890259,,,,,,
1763596090.082018,,,,,,,0.07965290546417236,-0.04903680086135864,-0.007598519325256348,0.3121129870414734,-1.5112730264663696,1.7745769023895264
